name,Mean,MCSE,StdDev,5%,50%,95%,N_Eff,N_Eff/s,R_hat
lp__,-210000.0,520.0,780.0,-210000.0,-200000.0,-200000.0,2.2,5.1e-06,4.0
mu_pr[1],-2.0,0.0047,0.024,-2.1,-2.0,-2.0,27.0,6.3e-05,1.1
mu_pr[2],-2.3,0.026,0.046,-2.4,-2.3,-2.3,3.1,7.1e-06,1.7
mu_pr[3],-2.4,0.0032,0.039,-2.4,-2.4,-2.3,149.0,0.00034,1.0
mu_pr[4],0.078,0.011,0.021,0.049,0.079,0.12,3.7,8.5e-06,1.5
mu_pr[5],1.2,0.22,0.61,0.16,1.3,2.0,7.5,1.7e-05,1.2
sigma[1],0.24,0.05,0.073,0.1,0.27,0.31,2.1,4.9e-06,4.1
sigma[2],0.36,0.021,0.045,0.26,0.36,0.41,4.5,1e-05,1.6
sigma[3],0.48,0.026,0.056,0.38,0.49,0.56,4.6,1.1e-05,1.7
sigma[4],0.13,0.038,0.057,0.026,0.15,0.2,2.2,5e-06,3.8
sigma[5],5.7,2.3,3.4,0.015,7.2,9.2,2.1,4.8e-06,5.0
beta_samp[1],-1.0,0.34,0.58,-1.8,-1.1,0.13,2.9,6.7e-06,1.9
beta_samp[2],-0.74,0.83,1.2,-3.1,-0.17,0.28,2.1,4.8e-06,4.9
beta_samp[3],0.2,0.3,0.48,-0.37,0.056,1.2,2.4,5.6e-06,2.4
beta_samp[4],-0.81,0.085,0.77,-1.9,-0.86,0.57,82.0,0.00019,1.1
beta_samp[5],-0.27,0.52,0.8,-1.2,-0.53,1.4,2.4,5.5e-06,2.5
beta_samp[6],0.5,0.25,0.83,-0.98,0.55,1.6,11.0,2.4e-05,1.2
beta_samp[7],-0.51,0.14,0.3,-1.0,-0.49,-0.042,4.8,1.1e-05,1.3
beta_samp[8],-0.48,0.63,0.94,-1.4,-0.86,1.4,2.2,5.1e-06,3.6
beta_samp[9],-0.31,0.079,0.62,-1.2,-0.4,0.87,62.0,0.00014,1.0
beta_samp[10],-0.61,0.11,0.33,-1.1,-0.61,-0.066,9.0,2.1e-05,1.1
beta_samp[11],0.72,0.52,0.76,-0.68,1.1,1.4,2.1,4.9e-06,4.3
beta_samp[12],0.12,0.29,0.47,-0.42,-0.032,1.0,2.6,5.9e-06,2.2
beta_samp[13],0.2,0.3,0.53,-0.79,0.24,1.0,3.3,7.5e-06,1.6
beta_samp[14],-0.57,0.44,0.71,-1.5,-0.73,0.68,2.6,6e-06,2.0
beta_samp[15],0.93,0.12,0.35,0.37,0.92,1.5,8.8,2e-05,1.2
beta_samp[16],-1.4,0.022,0.6,-2.3,-1.4,-0.31,726.0,0.0017,1.0
beta_samp[17],0.014,0.61,0.92,-0.76,-0.39,1.8,2.3,5.2e-06,3.2
beta_samp[18],0.067,0.094,0.37,-0.54,0.068,0.67,15.0,3.5e-05,1.1
beta_samp[19],0.25,0.3,0.59,-0.68,0.23,1.1,3.9,9e-06,1.4
beta_samp[20],0.22,0.21,0.43,-0.17,0.088,1.2,4.2,9.5e-06,2.2
beta_samp[21],-0.009,0.19,0.35,-0.61,0.0095,0.54,3.3,7.5e-06,1.6
beta_samp[22],0.31,0.2,0.58,-0.71,0.3,1.3,8.3,1.9e-05,1.2
beta_samp[23],0.39,0.25,0.44,-0.18,0.29,1.3,3.0,7e-06,1.9
beta_samp[24],0.45,0.046,0.29,-0.016,0.42,0.95,41.0,9.4e-05,1.1
beta_samp[25],0.4,0.088,0.35,-0.14,0.36,1.0,16.0,3.6e-05,1.1
beta_samp[26],0.0035,0.026,0.18,-0.31,0.016,0.28,48.0,0.00011,1.1
beta_samp[27],0.14,0.24,0.43,-0.48,0.084,1.0,3.3,7.5e-06,1.7
beta_samp[28],1.4,0.43,0.67,0.12,1.6,2.2,2.4,5.6e-06,2.4
beta_samp[29],0.56,0.28,0.67,-0.4,0.49,1.8,5.9,1.4e-05,1.2
beta_samp[30],1.2,0.39,0.61,0.08,1.4,2.0,2.5,5.7e-06,2.3
beta_samp[31],0.061,0.5,0.92,-1.3,-0.064,1.5,3.4,7.8e-06,1.5
beta_samp[32],-0.1,0.52,0.97,-1.6,-0.22,1.3,3.5,8e-06,1.5
beta_samp[33],-1.2,0.39,0.58,-2.3,-0.95,-0.65,2.2,5e-06,4.2
beta_samp[34],0.9,0.038,0.29,0.46,0.88,1.4,57.0,0.00013,1.1
beta_samp[35],0.53,0.13,0.34,0.063,0.48,1.2,7.2,1.7e-05,1.2
beta_samp[36],0.47,0.032,0.26,0.06,0.45,0.93,68.0,0.00016,1.1
beta_samp[37],1.5,0.4,0.77,0.2,1.6,2.7,3.7,8.5e-06,1.5
beta_samp[38],-0.77,0.29,0.43,-1.6,-0.61,-0.34,2.2,5.1e-06,3.1
beta_samp[39],1.9,0.7,1.1,0.64,1.5,4.0,2.5,5.7e-06,2.3
beta_samp[40],-0.9,0.21,0.41,-1.6,-0.9,-0.22,3.9,8.9e-06,1.4
beta_samp[41],-1.4,0.056,0.33,-1.9,-1.4,-0.86,35.0,7.9e-05,1.1
beta_samp[42],-0.39,0.37,0.75,-1.5,-0.47,0.98,4.2,9.5e-06,1.5
beta_samp[43],-1.2,0.081,0.42,-1.9,-1.2,-0.53,27.0,6.2e-05,1.1
beta_samp[44],-0.21,0.15,0.36,-0.85,-0.17,0.33,5.8,1.3e-05,1.3
beta_samp[45],-0.06,0.21,0.37,-0.54,-0.15,0.72,3.2,7.4e-06,1.7
beta_samp[46],-0.065,0.047,0.21,-0.4,-0.057,0.26,19.0,4.5e-05,1.2
beta_samp[47],0.04,0.052,0.21,-0.26,0.028,0.4,16.0,3.7e-05,1.1
beta_samp[48],0.91,0.33,0.56,0.3,0.76,1.8,2.9,6.7e-06,1.8
beta_samp[49],-0.57,0.065,0.33,-1.2,-0.55,-0.011,25.0,5.8e-05,1.2
beta_samp[50],0.89,0.15,0.37,0.33,0.88,1.5,6.5,1.5e-05,1.2
beta_samp[51],1.5,0.17,0.5,0.66,1.5,2.3,8.4,1.9e-05,1.2
beta_samp[52],-1.9,0.087,0.26,-2.3,-1.9,-1.5,8.9,2e-05,1.2
beta_samp[53],0.014,0.077,0.21,-0.37,0.022,0.34,7.4,1.7e-05,1.3
beta_samp[54],0.46,0.37,0.59,-0.33,0.31,1.6,2.6,5.9e-06,2.1
beta_samp[55],-0.16,0.02,0.18,-0.45,-0.15,0.095,81.0,0.00019,1.0
beta_samp[56],-0.49,0.18,0.44,-1.1,-0.57,0.51,5.7,1.3e-05,1.8
beta_samp[57],0.57,0.1,0.39,-0.097,0.62,1.1,15.0,3.5e-05,1.1
beta_samp[58],-1.1,0.23,0.37,-1.8,-0.98,-0.66,2.6,5.9e-06,2.1
beta_samp[59],0.95,0.55,0.92,-0.39,0.78,2.6,2.8,6.4e-06,1.9
beta_samp[60],-0.043,0.19,0.39,-0.7,-0.031,0.6,4.3,9.8e-06,1.4
beta_samp[61],1.6,0.99,1.4,-1.2,2.3,2.8,2.1,4.8e-06,5.2
beta_samp[62],-1.3,0.47,0.82,-2.9,-1.1,-0.068,3.1,7.1e-06,1.7
beta_samp[63],1.9,0.42,0.68,0.58,2.1,2.7,2.6,6e-06,2.2
beta_samp[64],-0.31,0.16,0.28,-0.85,-0.27,0.078,3.2,7.3e-06,1.6
beta_samp[65],0.86,0.61,0.92,-0.84,1.2,1.9,2.3,5.2e-06,2.9
beta_samp[66],-0.69,0.28,0.62,-1.7,-0.68,0.23,4.8,1.1e-05,1.3
beta_samp[67],0.14,0.33,0.62,-0.72,0.05,1.4,3.5,8e-06,1.6
beta_samp[68],-0.84,0.21,0.74,-1.9,-0.95,0.43,12.0,2.8e-05,1.3
beta_samp[69],-0.89,0.43,0.82,-2.2,-0.85,0.47,3.6,8.4e-06,1.5
beta_samp[70],-0.54,0.045,0.45,-1.3,-0.54,0.22,99.0,0.00023,1.0
beta_samp[71],-0.36,0.49,0.83,-1.4,-0.6,1.2,2.9,6.6e-06,1.9
beta_samp[72],-0.95,0.1,0.28,-1.4,-0.94,-0.52,7.0,1.6e-05,1.2
beta_samp[73],0.16,0.065,0.26,-0.24,0.15,0.57,16.0,3.6e-05,1.3
beta_samp[74],0.13,0.19,0.38,-0.48,0.13,0.73,3.9,8.9e-06,1.5
beta_samp[75],-0.33,0.22,0.35,-0.75,-0.43,0.38,2.6,5.9e-06,2.2
beta_samp[76],-0.07,0.52,0.74,-1.5,0.29,0.57,2.1,4.8e-06,5.4
beta_samp[77],-0.055,0.081,0.23,-0.37,-0.09,0.44,8.0,1.8e-05,1.2
beta_samp[78],-0.92,0.31,0.47,-1.8,-0.73,-0.47,2.3,5.3e-06,2.8
beta_samp[79],-0.61,0.39,0.57,-1.7,-0.37,-0.016,2.2,5e-06,3.7
beta_samp[80],0.83,0.092,0.33,0.37,0.8,1.5,13.0,3e-05,1.2
beta_samp[81],0.88,0.025,0.47,0.19,0.83,1.7,367.0,0.00084,1.0
beta_samp[82],-0.72,0.069,0.19,-1.0,-0.72,-0.41,7.9,1.8e-05,1.2
beta_samp[83],0.65,0.26,0.45,-0.12,0.72,1.3,3.0,6.9e-06,1.7
beta_samp[84],-0.068,0.085,0.19,-0.44,-0.048,0.22,5.3,1.2e-05,1.3
beta_samp[85],-0.9,0.24,0.74,-2.1,-0.91,0.29,9.3,2.1e-05,1.1
beta_samp[86],0.43,0.19,0.38,-0.17,0.38,1.0,4.3,9.9e-06,1.4
beta_samp[87],0.33,0.26,0.4,-0.42,0.45,0.79,2.4,5.6e-06,2.3
beta_samp[88],0.64,0.085,0.28,0.13,0.65,1.1,11.0,2.5e-05,1.2
beta_samp[89],0.83,0.19,0.36,0.4,0.74,1.5,3.5,8.1e-06,1.6
beta_samp[90],-0.98,0.19,0.81,-2.3,-0.89,0.22,19.0,4.3e-05,1.1
beta_samp[91],0.76,0.4,1.1,-1.3,0.98,2.1,6.9,1.6e-05,1.2
beta_samp[92],-1.8,0.068,0.34,-2.4,-1.8,-1.3,25.0,5.8e-05,1.2
beta_samp[93],0.046,0.038,0.88,-1.6,0.081,1.5,549.0,0.0013,1.0
beta_samp[94],0.34,0.66,0.96,-1.4,0.75,1.3,2.1,4.9e-06,4.1
beta_samp[95],0.36,0.44,0.68,-0.83,0.57,1.2,2.4,5.5e-06,2.4
beta_samp[96],-0.42,0.45,0.67,-1.7,-0.17,0.34,2.3,5.2e-06,2.9
beta_samp[97],0.94,0.022,0.38,0.37,0.9,1.6,284.0,0.00065,1.0
beta_samp[98],-0.088,0.038,0.54,-0.9,-0.11,0.8,197.0,0.00045,1.0
beta_samp[99],-0.96,0.28,0.71,-1.9,-1.1,0.59,6.3,1.4e-05,1.6
beta_samp[100],0.2,0.11,0.26,-0.25,0.21,0.61,5.8,1.3e-05,1.3
beta_samp[101],0.89,0.069,0.41,0.25,0.9,1.6,35.0,8e-05,1.1
beta_samp[102],-0.74,0.24,0.66,-1.6,-0.86,0.6,7.2,1.7e-05,1.4
beta_samp[103],-0.75,0.34,0.66,-1.8,-0.81,0.34,3.8,8.8e-06,1.5
beta_samp[104],0.44,0.024,0.18,0.17,0.42,0.79,59.0,0.00013,1.1
beta_samp[105],-0.046,0.14,0.25,-0.56,-0.00036,0.28,3.3,7.5e-06,1.7
beta_samp[106],2.0,1.2,1.9,-2.1,2.7,4.0,2.4,5.6e-06,3.0
beta_samp[107],-0.16,0.17,0.52,-1.2,-0.1,0.64,9.0,2.1e-05,1.3
beta_samp[108],-0.75,0.028,0.31,-1.3,-0.71,-0.28,122.0,0.00028,1.0
beta_samp[109],-0.3,0.039,0.17,-0.56,-0.31,-0.011,19.0,4.3e-05,1.1
beta_samp[110],-1.6,0.18,0.4,-2.3,-1.6,-1.0,5.0,1.1e-05,1.3
beta_samp[111],-0.9,0.28,0.42,-1.7,-0.75,-0.43,2.3,5.3e-06,2.7
beta_samp[112],0.67,0.07,0.37,0.067,0.68,1.2,28.0,6.5e-05,1.1
beta_samp[113],0.16,0.2,0.41,-0.6,0.19,0.77,4.3,9.8e-06,1.4
beta_samp[114],1.2,0.22,0.65,0.17,1.2,2.3,9.0,2.1e-05,1.2
beta_samp[115],-0.72,0.12,0.37,-1.4,-0.66,-0.29,9.2,2.1e-05,1.4
beta_samp[116],-0.25,0.061,0.28,-0.64,-0.26,0.076,22.0,5e-05,1.2
beta_samp[117],2.9,0.72,1.1,0.9,3.2,4.2,2.3,5.4e-06,2.6
beta_samp[118],-0.65,0.44,0.75,-1.6,-0.83,0.76,2.9,6.6e-06,1.8
beta_samp[119],-1.2,0.23,0.61,-2.0,-1.3,0.012,6.8,1.6e-05,1.4
beta_samp[120],1.7,0.46,0.76,0.71,1.5,3.2,2.7,6.2e-06,1.9
beta_samp[121],-0.53,0.69,1.1,-2.3,-0.3,1.1,2.7,6.3e-06,1.9
beta_samp[122],1.4,0.57,0.86,-0.18,1.7,2.4,2.2,5.1e-06,3.0
beta_samp[123],-0.37,0.22,0.36,-0.79,-0.47,0.42,2.6,6.1e-06,2.1
beta_samp[124],-0.87,0.094,0.25,-1.2,-0.89,-0.46,7.1,1.6e-05,1.3
beta_samp[125],0.023,0.59,0.87,-0.72,-0.38,1.9,2.2,5e-06,4.7
beta_samp[126],-0.15,1.2,1.8,-3.3,0.39,2.0,2.3,5.2e-06,3.0
beta_samp[127],-1.3,0.34,0.53,-2.4,-1.1,-0.73,2.3,5.3e-06,3.0
beta_samp[128],-0.12,0.042,0.22,-0.5,-0.12,0.21,27.0,6.3e-05,1.2
beta_samp[129],0.34,0.41,0.64,-0.83,0.52,1.2,2.5,5.6e-06,2.3
beta_samp[130],-0.76,0.21,0.57,-1.8,-0.73,0.14,7.2,1.7e-05,1.2
beta_samp[131],-0.12,0.053,0.24,-0.47,-0.14,0.3,21.0,4.8e-05,1.1
beta_samp[132],-0.51,0.17,0.35,-1.3,-0.44,-0.063,4.3,9.9e-06,1.4
beta_samp[133],-0.64,0.028,0.27,-1.1,-0.62,-0.21,92.0,0.00021,1.0
beta_samp[134],0.45,0.083,0.55,-0.44,0.45,1.4,44.0,0.0001,1.1
beta_samp[135],0.33,0.11,0.28,-0.094,0.31,0.8,6.2,1.4e-05,1.2
beta_samp[136],-0.17,0.2,0.4,-1.3,-0.097,0.27,4.1,9.4e-06,1.7
beta_samp[137],-0.26,0.36,0.56,-1.2,-0.13,0.48,2.5,5.8e-06,2.2
beta_samp[138],-0.022,0.11,0.27,-0.55,-0.00028,0.39,5.8,1.3e-05,1.3
beta_samp[139],1.7,0.16,0.48,0.9,1.7,2.4,8.8,2e-05,1.2
beta_samp[140],-0.24,0.32,0.51,-1.2,-0.13,0.46,2.6,6e-06,2.0
beta_samp[141],1.7,0.58,0.86,0.14,2.0,2.7,2.2,5.1e-06,3.0
beta_samp[142],-0.53,0.16,0.44,-1.3,-0.48,0.097,7.2,1.7e-05,1.2
beta_samp[143],-0.1,0.21,0.34,-0.74,-0.015,0.33,2.7,6.3e-06,1.9
beta_samp[144],-0.45,0.44,0.66,-1.2,-0.7,0.85,2.2,5.2e-06,3.2
beta_samp[145],-0.5,0.35,0.66,-1.6,-0.46,0.59,3.6,8.3e-06,1.5
beta_samp[146],0.62,0.14,0.35,0.16,0.55,1.3,6.6,1.5e-05,1.5
beta_samp[147],-0.0074,0.056,0.33,-0.57,0.0046,0.5,34.0,7.8e-05,1.2
beta_samp[148],-0.53,0.1,0.21,-0.86,-0.54,-0.16,4.5,1e-05,1.4
beta_samp[149],-0.53,0.37,0.74,-1.7,-0.53,0.54,4.0,9.3e-06,1.4
beta_samp[150],-1.7,0.044,0.47,-2.5,-1.7,-0.94,115.0,0.00026,1.0
beta_samp[151],-0.6,0.049,0.24,-1.0,-0.59,-0.21,24.0,5.5e-05,1.2
beta_samp[152],-0.39,0.36,0.57,-1.1,-0.58,0.73,2.5,5.7e-06,2.4
beta_samp[153],-0.42,0.16,0.26,-0.93,-0.35,-0.1,2.7,6.1e-06,2.0
beta_samp[154],-0.048,0.22,0.57,-0.8,-0.14,1.0,6.5,1.5e-05,1.2
beta_samp[155],-0.19,0.03,0.27,-0.68,-0.19,0.22,77.0,0.00018,1.0
beta_samp[156],1.0,0.17,0.4,0.31,0.99,1.7,5.7,1.3e-05,1.3
beta_samp[157],0.64,0.33,0.54,-0.38,0.77,1.4,2.8,6.4e-06,1.9
beta_samp[158],-0.96,0.18,0.52,-1.9,-0.92,-0.18,8.9,2e-05,1.2
beta_samp[159],0.51,0.25,0.48,-0.25,0.47,1.3,3.7,8.5e-06,1.5
etaPositive_samp[1],-0.23,0.4,0.72,-1.9,0.026,0.52,3.1,7.2e-06,1.8
etaPositive_samp[2],0.21,0.016,0.28,-0.27,0.2,0.66,305.0,0.0007,1.0
etaPositive_samp[3],1.6,0.084,0.29,1.2,1.6,2.2,12.0,2.7e-05,1.2
etaPositive_samp[4],-1.6,0.2,0.58,-2.5,-1.5,-0.65,8.0,1.8e-05,1.2
etaPositive_samp[5],0.38,0.13,0.46,-0.55,0.46,0.96,13.0,2.9e-05,1.2
etaPositive_samp[6],-1.1,0.27,0.55,-2.1,-1.1,-0.22,4.2,9.7e-06,1.4
etaPositive_samp[7],0.025,0.077,0.23,-0.38,0.041,0.38,9.0,2.1e-05,1.2
etaPositive_samp[8],-0.55,0.53,0.8,-2.2,-0.18,0.2,2.3,5.2e-06,3.3
etaPositive_samp[9],0.49,0.21,0.74,-1.0,0.63,1.5,13.0,3e-05,1.1
etaPositive_samp[10],0.026,0.028,0.23,-0.35,0.032,0.41,71.0,0.00016,1.1
etaPositive_samp[11],-0.1,0.069,0.16,-0.37,-0.1,0.17,5.7,1.3e-05,1.3
etaPositive_samp[12],0.55,0.043,0.26,0.12,0.55,0.95,36.0,8.3e-05,1.1
etaPositive_samp[13],-0.01,0.036,0.5,-0.72,-0.051,0.87,195.0,0.00045,1.0
etaPositive_samp[14],-0.43,0.23,0.4,-0.97,-0.52,0.34,3.0,6.9e-06,1.8
etaPositive_samp[15],0.55,0.012,0.18,0.24,0.55,0.84,239.0,0.00055,1.0
etaPositive_samp[16],-0.6,0.57,0.97,-2.1,-0.72,0.97,2.9,6.7e-06,1.8
etaPositive_samp[17],0.23,0.028,0.18,-0.017,0.22,0.47,39.0,8.9e-05,1.1
etaPositive_samp[18],0.11,0.12,0.27,-0.26,0.074,0.62,4.6,1.1e-05,1.5
etaPositive_samp[19],-0.22,0.14,0.29,-0.64,-0.25,0.26,4.3,1e-05,1.4
etaPositive_samp[20],0.91,0.14,0.26,0.6,0.86,1.4,3.4,7.9e-06,1.7
etaPositive_samp[21],0.56,0.14,0.28,0.12,0.54,1.0,3.9,8.9e-06,1.4
etaPositive_samp[22],-0.81,0.11,0.33,-1.4,-0.8,-0.29,8.3,1.9e-05,1.2
etaPositive_samp[23],0.9,0.014,0.26,0.46,0.91,1.3,371.0,0.00085,1.0
etaPositive_samp[24],0.023,0.08,0.26,-0.48,0.062,0.36,10.0,2.4e-05,1.3
etaPositive_samp[25],-1.2,0.22,0.42,-1.9,-1.1,-0.64,3.7,8.6e-06,1.5
etaPositive_samp[26],1.2,0.14,0.26,0.89,1.2,1.7,3.3,7.5e-06,1.7
etaPositive_samp[27],-0.22,0.046,0.19,-0.53,-0.23,0.084,17.0,3.9e-05,1.1
etaPositive_samp[28],-0.89,0.31,0.51,-2.0,-0.71,-0.38,2.6,6e-06,2.3
etaPositive_samp[29],-0.35,0.16,0.41,-1.1,-0.31,0.26,6.9,1.6e-05,1.2
etaPositive_samp[30],0.8,0.16,0.38,0.27,0.75,1.4,5.8,1.3e-05,1.3
etaPositive_samp[31],-1.3,0.073,0.38,-1.9,-1.3,-0.64,27.0,6.2e-05,1.1
etaPositive_samp[32],-1.7,0.086,0.49,-2.6,-1.6,-0.99,33.0,7.6e-05,1.0
etaPositive_samp[33],0.24,0.092,0.21,-0.075,0.23,0.58,5.2,1.2e-05,1.3
etaPositive_samp[34],0.16,0.13,0.32,-0.31,0.13,0.86,5.9,1.4e-05,1.4
etaPositive_samp[35],-0.69,0.055,0.28,-1.1,-0.69,-0.31,25.0,5.8e-05,1.1
etaPositive_samp[36],0.34,0.086,0.31,-0.19,0.34,0.81,13.0,3e-05,1.1
etaPositive_samp[37],-1.1,0.15,0.32,-1.6,-1.1,-0.54,4.3,1e-05,1.4
etaPositive_samp[38],0.49,0.084,0.2,0.21,0.47,0.76,5.8,1.3e-05,1.3
etaPositive_samp[39],-0.84,0.11,0.32,-1.4,-0.81,-0.36,7.6,1.8e-05,1.2
etaPositive_samp[40],-0.33,0.18,0.67,-1.3,-0.43,0.71,14.0,3.2e-05,1.1
etaPositive_samp[41],0.049,0.043,0.59,-1.0,0.17,0.73,191.0,0.00044,1.0
etaPositive_samp[42],-2.0,0.18,0.48,-2.9,-1.9,-1.3,6.8,1.6e-05,1.2
etaPositive_samp[43],0.26,0.29,0.73,-0.79,0.16,1.6,6.2,1.4e-05,1.2
etaPositive_samp[44],1.0,0.39,0.86,-1.4,1.2,1.9,4.7,1.1e-05,2.3
etaPositive_samp[45],0.49,0.71,1.1,-0.94,1.2,1.7,2.3,5.2e-06,3.0
etaPositive_samp[46],-0.3,0.048,0.15,-0.55,-0.3,-0.063,9.3,2.1e-05,1.2
etaPositive_samp[47],1.1,0.099,0.33,0.58,1.1,1.7,11.0,2.6e-05,1.2
etaPositive_samp[48],1.2,0.06,0.32,0.76,1.2,1.7,28.0,6.4e-05,1.1
etaPositive_samp[49],1.1,0.44,0.88,-1.2,1.4,1.8,4.0,9.3e-06,2.9
etaPositive_samp[50],0.56,0.25,0.62,-0.45,0.58,1.6,6.3,1.5e-05,1.3
etaPositive_samp[51],-0.63,0.056,0.28,-1.1,-0.63,-0.2,24.0,5.6e-05,1.1
etaPositive_samp[52],2.4,0.51,0.82,0.54,2.7,3.3,2.5,5.8e-06,2.4
etaPositive_samp[53],0.72,0.027,0.23,0.37,0.73,1.1,74.0,0.00017,1.1
etaPositive_samp[54],0.48,0.13,0.29,0.056,0.45,1.0,5.0,1.1e-05,1.4
etaPositive_samp[55],1.1,0.039,0.38,0.52,1.2,1.7,97.0,0.00022,1.0
etaPositive_samp[56],-0.62,0.18,0.4,-1.5,-0.53,-0.15,4.8,1.1e-05,1.6
etaPositive_samp[57],-0.041,0.27,0.46,-0.64,-0.15,0.88,2.8,6.4e-06,2.1
etaPositive_samp[58],2.3,0.3,0.63,1.1,2.4,3.1,4.6,1.1e-05,1.3
etaPositive_samp[59],-1.3,0.035,0.39,-2.0,-1.2,-0.77,124.0,0.00028,1.0
etaPositive_samp[60],-0.42,0.036,0.22,-0.78,-0.4,-0.09,36.0,8.3e-05,1.1
etaPositive_samp[61],-0.72,0.032,0.17,-0.99,-0.73,-0.42,28.0,6.5e-05,1.1
etaPositive_samp[62],0.56,0.44,0.82,-0.85,0.67,1.6,3.5,8.1e-06,1.6
etaPositive_samp[63],-1.5,0.2,0.48,-2.6,-1.4,-0.96,5.6,1.3e-05,1.5
etaPositive_samp[64],1.1,0.17,0.31,0.61,1.0,1.6,3.2,7.4e-06,1.6
etaPositive_samp[65],-0.63,0.078,0.35,-1.2,-0.63,-0.057,20.0,4.6e-05,1.3
etaPositive_samp[66],-1.3,0.067,0.43,-2.0,-1.2,-0.66,41.0,9.3e-05,1.0
etaPositive_samp[67],-1.0,0.13,0.49,-2.2,-0.89,-0.46,15.0,3.4e-05,1.3
etaPositive_samp[68],-1.2,0.39,0.71,-1.9,-1.3,0.72,3.4,7.9e-06,2.3
etaPositive_samp[69],-2.1,0.52,0.88,-3.5,-2.3,-0.66,2.8,6.5e-06,1.8
etaPositive_samp[70],-0.34,0.2,0.53,-1.4,-0.2,0.26,7.5,1.7e-05,1.2
etaPositive_samp[71],-1.4,0.27,0.66,-2.6,-1.4,-0.44,5.9,1.4e-05,1.2
etaPositive_samp[72],0.5,0.064,0.22,0.15,0.52,0.82,11.0,2.6e-05,1.1
etaPositive_samp[73],-0.096,0.03,0.21,-0.49,-0.083,0.23,51.0,0.00012,1.1
etaPositive_samp[74],-0.27,0.041,0.19,-0.6,-0.25,0.014,22.0,5e-05,1.1
etaPositive_samp[75],1.2,0.34,0.83,-1.2,1.4,1.8,6.0,1.4e-05,1.8
etaPositive_samp[76],0.49,0.098,0.2,0.14,0.5,0.79,4.2,9.6e-06,1.4
etaPositive_samp[77],1.6,0.099,0.32,1.2,1.6,2.2,10.0,2.4e-05,1.2
etaPositive_samp[78],0.35,0.11,0.23,0.045,0.32,0.7,4.3,9.9e-06,1.4
etaPositive_samp[79],1.1,0.4,0.64,-0.24,1.3,1.8,2.6,5.9e-06,2.4
etaPositive_samp[80],0.44,0.18,0.33,0.048,0.38,1.2,3.5,8e-06,1.7
etaPositive_samp[81],-0.76,0.019,0.25,-1.2,-0.73,-0.38,169.0,0.00039,1.0
etaPositive_samp[82],1.3,0.057,0.33,0.86,1.3,1.7,34.0,7.8e-05,1.1
etaPositive_samp[83],-0.18,0.17,0.41,-0.66,-0.25,0.87,5.9,1.4e-05,1.6
etaPositive_samp[84],0.94,0.09,0.22,0.65,0.92,1.3,6.0,1.4e-05,1.3
etaPositive_samp[85],-2.2,0.061,0.55,-3.2,-2.2,-1.4,82.0,0.00019,1.0
etaPositive_samp[86],-1.1,0.38,0.58,-2.2,-0.88,-0.51,2.3,5.4e-06,2.7
etaPositive_samp[87],0.44,0.16,0.29,-0.1,0.49,0.82,3.4,7.8e-06,1.8
etaPositive_samp[88],0.37,0.048,0.19,0.07,0.36,0.66,16.0,3.7e-05,1.1
etaPositive_samp[89],1.2,0.12,0.34,0.73,1.2,1.8,7.5,1.7e-05,1.2
etaPositive_samp[90],-1.6,0.037,0.42,-2.3,-1.5,-0.99,128.0,0.00029,1.0
etaPositive_samp[91],-1.2,0.096,0.71,-2.4,-1.1,-0.23,55.0,0.00013,1.0
etaPositive_samp[92],1.5,0.48,0.82,-0.27,1.7,2.5,2.9,6.7e-06,2.1
etaPositive_samp[93],-0.98,0.21,0.54,-1.8,-0.97,-0.12,6.3,1.4e-05,1.3
etaPositive_samp[94],-0.0037,0.23,0.37,-0.5,-0.1,0.67,2.6,5.9e-06,2.1
etaPositive_samp[95],-0.24,0.16,0.31,-0.7,-0.26,0.35,3.8,8.7e-06,1.5
etaPositive_samp[96],0.49,0.074,0.32,-0.06,0.5,1.0,18.0,4.2e-05,1.1
etaPositive_samp[97],0.36,0.11,0.39,-0.35,0.42,0.91,13.0,2.9e-05,1.1
etaPositive_samp[98],-0.082,0.12,0.57,-1.2,-0.034,0.73,22.0,5e-05,1.1
etaPositive_samp[99],-1.5,0.11,0.62,-2.5,-1.4,-0.64,33.0,7.7e-05,1.2
etaPositive_samp[100],1.4,0.17,0.37,0.78,1.3,2.0,4.9,1.1e-05,1.3
etaPositive_samp[101],-0.66,0.11,0.24,-1.0,-0.68,-0.2,4.8,1.1e-05,1.4
etaPositive_samp[102],-1.9,0.28,0.66,-3.0,-1.8,-0.83,5.5,1.3e-05,1.3
etaPositive_samp[103],-0.94,0.16,0.51,-1.7,-0.9,-0.2,11.0,2.4e-05,1.1
etaPositive_samp[104],0.93,0.055,0.18,0.62,0.94,1.2,11.0,2.5e-05,1.1
etaPositive_samp[105],1.5,0.28,0.48,0.95,1.4,2.4,3.0,6.8e-06,1.8
etaPositive_samp[106],-1.4,0.5,0.87,-2.1,-1.7,0.81,3.0,6.9e-06,3.2
etaPositive_samp[107],-0.24,0.11,0.44,-1.1,-0.16,0.34,15.0,3.5e-05,1.1
etaPositive_samp[108],-0.55,0.029,0.23,-0.93,-0.54,-0.22,61.0,0.00014,1.1
etaPositive_samp[109],0.41,0.068,0.2,0.095,0.41,0.74,8.5,1.9e-05,1.2
etaPositive_samp[110],-0.096,0.077,0.4,-0.66,-0.029,0.33,27.0,6.2e-05,1.1
etaPositive_samp[111],0.21,0.024,0.2,-0.13,0.22,0.51,67.0,0.00015,1.1
etaPositive_samp[112],-0.18,0.035,0.26,-0.62,-0.17,0.24,53.0,0.00012,1.1
etaPositive_samp[113],-0.75,0.026,0.3,-1.3,-0.73,-0.29,134.0,0.00031,1.0
etaPositive_samp[114],-0.33,0.16,0.36,-0.92,-0.34,0.25,5.0,1.1e-05,1.3
etaPositive_samp[115],1.2,0.033,0.28,0.74,1.2,1.6,75.0,0.00017,1.0
etaPositive_samp[116],0.4,0.059,0.19,0.11,0.38,0.72,10.0,2.3e-05,1.2
etaPositive_samp[117],-1.6,0.31,0.54,-2.8,-1.5,-1.1,3.1,7e-06,1.7
etaPositive_samp[118],-0.6,0.14,0.28,-0.97,-0.64,-0.12,4.0,9.3e-06,1.4
etaPositive_samp[119],-0.35,0.35,0.76,-1.4,-0.29,0.87,4.6,1e-05,1.3
etaPositive_samp[120],-0.65,0.05,0.18,-0.97,-0.63,-0.37,13.0,3.1e-05,1.1
etaPositive_samp[121],-0.43,0.16,0.47,-1.1,-0.44,0.35,8.9,2e-05,1.3
etaPositive_samp[122],-0.13,0.12,0.26,-0.56,-0.13,0.3,5.2,1.2e-05,1.3
etaPositive_samp[123],0.11,0.15,0.26,-0.41,0.17,0.44,3.1,7e-06,1.8
etaPositive_samp[124],0.29,0.011,0.16,0.034,0.29,0.57,216.0,0.0005,1.0
etaPositive_samp[125],0.34,0.61,0.91,-1.4,0.71,1.3,2.2,5.1e-06,3.2
etaPositive_samp[126],-0.69,0.81,1.2,-1.9,-1.2,1.5,2.1,4.9e-06,3.9
etaPositive_samp[127],1.7,0.12,0.37,0.88,1.8,2.1,10.0,2.3e-05,1.7
etaPositive_samp[128],0.18,0.021,0.19,-0.12,0.18,0.48,77.0,0.00018,1.1
etaPositive_samp[129],0.66,0.14,0.28,0.2,0.64,1.1,4.1,9.5e-06,1.4
etaPositive_samp[130],-1.0,0.12,0.5,-2.0,-0.91,-0.36,18.0,4.1e-05,1.1
etaPositive_samp[131],0.15,0.11,0.31,-0.39,0.16,0.67,7.4,1.7e-05,1.2
etaPositive_samp[132],0.84,0.047,0.3,0.28,0.87,1.2,40.0,9.2e-05,1.1
etaPositive_samp[133],0.54,0.13,0.38,-0.045,0.51,1.2,8.0,1.8e-05,1.2
etaPositive_samp[134],0.82,0.044,0.35,0.18,0.84,1.3,63.0,0.00014,1.1
etaPositive_samp[135],0.91,0.03,0.28,0.46,0.91,1.4,91.0,0.00021,1.0
etaPositive_samp[136],1.2,0.16,0.34,0.67,1.2,1.8,4.8,1.1e-05,1.3
etaPositive_samp[137],0.7,0.084,0.25,0.3,0.7,1.1,8.6,2e-05,1.2
etaPositive_samp[138],0.44,0.2,0.6,-0.98,0.5,1.2,8.6,2e-05,1.3
etaPositive_samp[139],-0.9,0.2,0.35,-1.4,-0.94,-0.29,3.3,7.5e-06,1.6
etaPositive_samp[140],0.62,0.016,0.19,0.29,0.62,0.93,145.0,0.00033,1.0
etaPositive_samp[141],0.12,0.061,0.24,-0.27,0.11,0.53,15.0,3.4e-05,1.1
etaPositive_samp[142],0.28,0.16,0.34,-0.25,0.27,0.85,4.3,9.9e-06,1.3
etaPositive_samp[143],1.3,0.044,0.33,0.72,1.3,1.8,55.0,0.00013,1.1
etaPositive_samp[144],-0.089,0.13,0.22,-0.38,-0.13,0.28,3.0,6.9e-06,1.7
etaPositive_samp[145],0.24,0.032,0.41,-0.45,0.26,0.89,166.0,0.00038,1.0
etaPositive_samp[146],0.13,0.074,0.18,-0.11,0.12,0.36,6.2,1.4e-05,1.3
etaPositive_samp[147],1.0,0.033,0.37,0.37,1.0,1.6,126.0,0.00029,1.0
etaPositive_samp[148],1.4,0.016,0.21,1.1,1.4,1.8,180.0,0.00041,1.0
etaPositive_samp[149],-0.73,0.12,0.52,-1.6,-0.7,0.22,19.0,4.3e-05,1.1
etaPositive_samp[150],-1.2,0.18,0.56,-2.1,-1.2,-0.32,10.0,2.3e-05,1.1
etaPositive_samp[151],0.21,0.56,0.87,-1.7,0.58,0.93,2.4,5.6e-06,3.2
etaPositive_samp[152],0.42,0.054,0.16,0.16,0.41,0.7,9.1,2.1e-05,1.2
etaPositive_samp[153],1.1,0.086,0.22,0.76,1.1,1.5,6.4,1.5e-05,1.2
etaPositive_samp[154],-0.23,0.21,0.52,-1.0,-0.22,0.6,6.0,1.4e-05,1.2
etaPositive_samp[155],0.47,0.1,0.27,0.091,0.44,1.0,6.9,1.6e-05,1.2
etaPositive_samp[156],-0.11,0.17,0.3,-0.52,-0.16,0.52,3.3,7.6e-06,1.6
etaPositive_samp[157],-0.25,0.035,0.2,-0.61,-0.23,0.045,33.0,7.7e-05,1.2
etaPositive_samp[158],-0.27,0.14,0.37,-0.89,-0.25,0.33,6.6,1.5e-05,1.3
etaPositive_samp[159],-0.21,0.019,0.22,-0.6,-0.19,0.1,139.0,0.00032,1.0
etaNegative_samp[1],-0.046,0.15,0.4,-0.73,0.0014,0.51,7.1,1.6e-05,1.2
etaNegative_samp[2],-0.68,0.52,0.78,-2.3,-0.35,0.062,2.3,5.2e-06,3.0
etaNegative_samp[3],1.8,0.16,0.33,1.3,1.7,2.3,4.3,9.8e-06,1.4
etaNegative_samp[4],-0.11,0.083,0.35,-0.75,-0.083,0.41,18.0,4.1e-05,1.1
etaNegative_samp[5],0.59,0.029,0.29,0.056,0.63,1.0,105.0,0.00024,1.0
etaNegative_samp[6],0.18,0.14,0.26,-0.43,0.24,0.49,3.6,8.3e-06,2.2
etaNegative_samp[7],-0.67,0.016,0.39,-1.4,-0.61,-0.081,565.0,0.0013,1.0
etaNegative_samp[8],-0.91,0.32,0.6,-1.9,-0.93,-0.024,3.6,8.2e-06,1.5
etaNegative_samp[9],-0.32,0.062,0.71,-1.7,-0.14,0.58,132.0,0.0003,1.0
etaNegative_samp[10],0.25,0.088,0.45,-0.55,0.32,0.84,26.0,5.9e-05,1.1
etaNegative_samp[11],-0.85,0.63,0.94,-2.8,-0.42,-0.043,2.2,5.1e-06,3.9
etaNegative_samp[12],0.58,0.082,0.23,0.24,0.56,1.0,7.7,1.8e-05,1.3
etaNegative_samp[13],0.85,0.053,0.49,-0.052,0.92,1.5,87.0,0.0002,1.1
etaNegative_samp[14],0.32,0.07,0.18,-0.00013,0.34,0.56,6.6,1.5e-05,1.2
etaNegative_samp[15],0.014,0.13,0.42,-0.66,0.0037,0.74,11.0,2.6e-05,1.1
etaNegative_samp[16],0.31,0.68,1.0,-1.8,0.78,1.2,2.2,5.1e-06,4.2
etaNegative_samp[17],-0.39,0.4,0.61,-1.7,-0.14,0.16,2.3,5.4e-06,2.7
etaNegative_samp[18],0.68,0.05,0.28,0.19,0.7,1.1,30.0,6.9e-05,1.2
etaNegative_samp[19],0.6,0.036,0.22,0.24,0.6,0.95,39.0,8.9e-05,1.1
etaNegative_samp[20],-1.3,0.17,0.38,-1.9,-1.2,-0.67,5.1,1.2e-05,1.3
etaNegative_samp[21],-0.62,0.16,0.38,-1.3,-0.6,-0.031,5.8,1.3e-05,1.2
etaNegative_samp[22],-1.0,0.019,0.41,-1.8,-0.94,-0.42,458.0,0.0011,1.0
etaNegative_samp[23],-0.41,0.19,0.41,-1.0,-0.42,0.26,4.7,1.1e-05,1.3
etaNegative_samp[24],-0.4,0.33,0.61,-1.3,-0.47,0.72,3.5,7.9e-06,1.6
etaNegative_samp[25],-1.2,0.34,0.68,-2.4,-1.1,-0.21,3.9,8.9e-06,1.5
etaNegative_samp[26],-0.54,0.23,0.43,-1.2,-0.58,0.2,3.5,8.1e-06,1.5
etaNegative_samp[27],-0.3,0.02,0.21,-0.66,-0.28,0.031,116.0,0.00027,1.0
etaNegative_samp[28],-0.093,0.42,0.64,-0.82,-0.31,1.0,2.4,5.5e-06,2.5
etaNegative_samp[29],-0.38,0.045,0.3,-0.93,-0.36,0.047,43.0,9.9e-05,1.0
etaNegative_samp[30],0.25,0.51,0.8,-1.5,0.57,1.0,2.5,5.7e-06,2.4
etaNegative_samp[31],0.48,0.032,0.2,0.18,0.48,0.81,41.0,9.4e-05,1.1
etaNegative_samp[32],0.98,0.05,0.17,0.71,0.97,1.3,12.0,2.8e-05,1.2
etaNegative_samp[33],-1.9,0.035,0.51,-2.8,-1.9,-1.0,211.0,0.00049,1.0
etaNegative_samp[34],-0.34,0.19,0.39,-0.89,-0.39,0.38,4.1,9.3e-06,1.4
etaNegative_samp[35],-2.2,0.049,0.57,-3.2,-2.2,-1.3,138.0,0.00032,1.0
etaNegative_samp[36],-0.3,0.036,0.25,-0.75,-0.28,0.075,49.0,0.00011,1.1
etaNegative_samp[37],-1.3,0.018,0.25,-1.7,-1.3,-0.86,199.0,0.00046,1.0
etaNegative_samp[38],-1.4,0.13,0.37,-2.0,-1.4,-0.82,8.7,2e-05,1.2
etaNegative_samp[39],-0.48,0.028,0.23,-0.84,-0.47,-0.13,68.0,0.00016,1.1
etaNegative_samp[40],-0.082,0.054,0.27,-0.5,-0.077,0.3,25.0,5.8e-05,1.1
etaNegative_samp[41],-0.094,0.12,0.52,-1.3,0.029,0.45,19.0,4.4e-05,1.2
etaNegative_samp[42],-0.35,0.12,0.46,-1.4,-0.24,0.18,16.0,3.6e-05,1.3
etaNegative_samp[43],0.33,0.029,0.42,-0.33,0.34,1.0,207.0,0.00048,1.0
etaNegative_samp[44],2.1,0.13,0.59,1.2,2.0,3.1,22.0,5.1e-05,1.1
etaNegative_samp[45],-0.78,0.68,1.0,-2.2,-0.16,0.44,2.3,5.4e-06,2.7
etaNegative_samp[46],-1.4,0.092,0.32,-2.0,-1.4,-0.95,12.0,2.8e-05,1.1
etaNegative_samp[47],1.7,0.047,0.3,1.2,1.7,2.2,41.0,9.4e-05,1.1
etaNegative_samp[48],2.0,0.23,0.46,1.1,2.1,2.6,4.1,9.4e-06,1.4
etaNegative_samp[49],-0.13,0.18,0.43,-0.73,-0.17,0.7,6.0,1.4e-05,1.4
etaNegative_samp[50],1.1,0.0092,0.2,0.76,1.1,1.4,472.0,0.0011,1.0
etaNegative_samp[51],-0.52,0.022,0.22,-0.9,-0.5,-0.18,103.0,0.00024,1.0
etaNegative_samp[52],1.5,0.35,0.58,0.4,1.7,2.4,2.8,6.4e-06,2.0
etaNegative_samp[53],-0.48,0.25,0.44,-1.1,-0.55,0.26,3.0,6.9e-06,1.7
etaNegative_samp[54],2.1,0.12,0.29,1.7,2.0,2.7,5.5,1.3e-05,1.5
etaNegative_samp[55],0.62,0.03,0.37,0.026,0.62,1.2,153.0,0.00035,1.0
etaNegative_samp[56],-1.4,0.11,0.49,-2.3,-1.4,-0.71,22.0,5.1e-05,1.1
etaNegative_samp[57],0.5,0.09,0.24,-0.073,0.54,0.79,7.0,1.6e-05,1.5
etaNegative_samp[58],0.47,0.35,0.57,-0.15,0.29,1.7,2.7,6.2e-06,2.4
etaNegative_samp[59],-0.36,0.1,0.44,-1.2,-0.29,0.25,19.0,4.3e-05,1.1
etaNegative_samp[60],-0.71,0.17,0.5,-1.6,-0.69,0.051,8.2,1.9e-05,1.2
etaNegative_samp[61],-0.21,0.097,0.27,-0.77,-0.16,0.12,7.6,1.8e-05,1.3
etaNegative_samp[62],0.74,0.13,0.41,0.079,0.71,1.4,10.0,2.3e-05,1.1
etaNegative_samp[63],-0.086,0.29,0.51,-0.78,-0.18,0.89,3.0,6.9e-06,1.8
etaNegative_samp[64],-1.5,0.024,0.47,-2.2,-1.5,-0.66,388.0,0.00089,1.0
etaNegative_samp[65],-0.59,0.17,0.33,-1.1,-0.62,-0.045,3.7,8.4e-06,1.5
etaNegative_samp[66],0.55,0.021,0.29,0.015,0.58,0.96,178.0,0.00041,1.0
etaNegative_samp[67],-0.098,0.15,0.39,-0.68,-0.11,0.52,6.7,1.5e-05,1.3
etaNegative_samp[68],0.85,0.17,0.42,-0.32,0.95,1.2,5.7,1.3e-05,2.0
etaNegative_samp[69],-1.3,0.28,0.62,-2.7,-1.1,-0.56,5.1,1.2e-05,1.9
etaNegative_samp[70],-0.62,0.24,0.58,-1.6,-0.53,0.18,5.7,1.3e-05,1.3
etaNegative_samp[71],-0.1,0.16,0.31,-0.78,-0.023,0.27,3.6,8.3e-06,1.8
etaNegative_samp[72],0.12,0.079,0.34,-0.38,0.14,0.57,19.0,4.3e-05,1.1
etaNegative_samp[73],-0.53,0.25,0.47,-1.2,-0.58,0.36,3.5,8e-06,1.6
etaNegative_samp[74],-0.72,0.053,0.57,-1.7,-0.65,0.085,116.0,0.00027,1.0
etaNegative_samp[75],1.1,0.093,0.39,0.38,1.1,1.7,18.0,4.1e-05,1.4
etaNegative_samp[76],-0.38,0.2,0.34,-1.1,-0.29,0.063,3.0,7e-06,1.7
etaNegative_samp[77],1.1,0.053,0.36,0.52,1.1,1.7,47.0,0.00011,1.0
etaNegative_samp[78],-2.4,0.057,0.51,-3.3,-2.4,-1.6,80.0,0.00018,1.1
etaNegative_samp[79],0.77,0.2,0.43,0.013,0.81,1.4,4.7,1.1e-05,1.3
etaNegative_samp[80],1.4,0.02,0.2,1.0,1.4,1.7,109.0,0.00025,1.0
etaNegative_samp[81],-1.0,0.29,0.53,-1.9,-0.9,-0.31,3.4,7.7e-06,1.6
etaNegative_samp[82],0.43,0.11,0.37,-0.17,0.41,1.1,12.0,2.7e-05,1.2
etaNegative_samp[83],0.64,0.051,0.18,0.3,0.65,0.92,13.0,2.9e-05,1.2
etaNegative_samp[84],-0.75,0.081,0.33,-1.3,-0.71,-0.25,17.0,3.9e-05,1.1
etaNegative_samp[85],-0.083,0.1,0.32,-0.74,-0.011,0.29,9.4,2.2e-05,1.4
etaNegative_samp[86],-0.67,0.34,0.57,-1.4,-0.81,0.27,2.8,6.4e-06,1.9
etaNegative_samp[87],0.45,0.32,0.51,-0.22,0.32,1.3,2.5,5.7e-06,2.2
etaNegative_samp[88],-0.36,0.058,0.43,-1.1,-0.34,0.29,55.0,0.00013,1.0
etaNegative_samp[89],-0.07,0.17,0.7,-1.1,-0.072,1.1,16.0,3.7e-05,1.1
etaNegative_samp[90],1.7,0.072,0.6,0.88,1.7,2.5,69.0,0.00016,1.0
etaNegative_samp[91],1.2,0.025,0.2,0.85,1.2,1.5,61.0,0.00014,1.0
etaNegative_samp[92],0.92,0.16,0.6,-0.17,0.96,2.0,15.0,3.4e-05,1.4
etaNegative_samp[93],2.5,0.17,0.41,2.0,2.4,3.3,6.1,1.4e-05,1.6
etaNegative_samp[94],0.22,0.35,0.52,-0.74,0.43,0.75,2.2,5e-06,3.4
etaNegative_samp[95],0.59,0.05,0.18,0.29,0.59,0.88,12.0,2.8e-05,1.1
etaNegative_samp[96],0.72,0.15,0.42,-0.21,0.78,1.3,7.5,1.7e-05,1.3
etaNegative_samp[97],0.63,0.23,0.68,-0.61,0.83,1.4,9.1,2.1e-05,1.2
etaNegative_samp[98],0.46,0.17,0.48,-0.43,0.52,1.2,7.7,1.8e-05,1.2
etaNegative_samp[99],-0.83,0.11,0.49,-2.0,-0.67,-0.28,20.0,4.5e-05,1.3
etaNegative_samp[100],0.54,0.081,0.37,-0.024,0.56,1.0,21.0,4.8e-05,1.2
etaNegative_samp[101],0.54,0.075,0.26,-0.12,0.58,0.85,12.0,2.7e-05,1.4
etaNegative_samp[102],-0.74,0.2,0.43,-1.7,-0.63,-0.22,4.6,1.1e-05,1.7
etaNegative_samp[103],-0.66,0.17,0.59,-1.8,-0.49,0.018,12.0,2.8e-05,1.1
etaNegative_samp[104],-0.32,0.34,0.55,-1.0,-0.48,0.67,2.5,5.8e-06,2.2
etaNegative_samp[105],0.56,0.38,0.62,-0.16,0.38,1.7,2.6,5.9e-06,2.3
etaNegative_samp[106],0.53,0.24,0.46,-0.66,0.67,0.95,3.7,8.4e-06,2.8
etaNegative_samp[107],-0.51,0.063,0.45,-1.3,-0.46,0.14,52.0,0.00012,1.1
etaNegative_samp[108],-0.35,0.2,0.49,-1.4,-0.29,0.29,6.3,1.4e-05,1.3
etaNegative_samp[109],-0.45,0.19,0.35,-0.97,-0.48,0.2,3.4,7.8e-06,1.6
etaNegative_samp[110],0.7,0.062,0.31,0.22,0.73,1.1,24.0,5.6e-05,1.1
etaNegative_samp[111],-1.8,0.03,0.41,-2.4,-1.8,-1.1,192.0,0.00044,1.0
etaNegative_samp[112],0.75,0.094,0.27,0.33,0.74,1.2,8.5,1.9e-05,1.2
etaNegative_samp[113],-1.2,0.02,0.41,-2.0,-1.2,-0.64,426.0,0.00098,1.0
etaNegative_samp[114],-0.11,0.12,0.32,-0.64,-0.058,0.27,7.0,1.6e-05,1.3
etaNegative_samp[115],-0.61,0.16,0.37,-1.2,-0.62,-0.034,5.1,1.2e-05,1.3
etaNegative_samp[116],-0.82,0.34,0.62,-1.5,-0.96,0.36,3.3,7.5e-06,1.8
etaNegative_samp[117],0.21,0.18,0.36,-0.42,0.22,0.8,4.2,9.7e-06,1.4
etaNegative_samp[118],1.1,0.017,0.16,0.86,1.1,1.4,79.0,0.00018,1.1
etaNegative_samp[119],-1.4,0.13,0.66,-2.5,-1.4,-0.36,26.0,6e-05,1.1
etaNegative_samp[120],-0.39,0.024,0.26,-0.86,-0.36,-0.023,113.0,0.00026,1.0
etaNegative_samp[121],-0.3,0.037,0.31,-0.87,-0.26,0.12,69.0,0.00016,1.1
etaNegative_samp[122],0.25,0.28,0.43,-0.62,0.4,0.72,2.4,5.5e-06,2.4
etaNegative_samp[123],-0.64,0.13,0.3,-1.2,-0.62,-0.17,5.5,1.3e-05,1.3
etaNegative_samp[124],-0.58,0.4,0.66,-2.2,-0.34,-0.0015,2.7,6.2e-06,2.4
etaNegative_samp[125],-0.8,0.11,0.38,-1.5,-0.79,-0.17,12.0,2.7e-05,1.2
etaNegative_samp[126],1.9,1.1,1.6,0.18,1.3,4.9,2.2,5e-06,3.3
etaNegative_samp[127],0.54,0.48,0.82,-0.44,0.33,2.3,3.0,6.8e-06,2.1
etaNegative_samp[128],-0.38,0.36,0.66,-1.2,-0.51,0.88,3.4,7.9e-06,1.7
etaNegative_samp[129],0.76,0.21,0.38,0.21,0.83,1.3,3.2,7.4e-06,1.6
etaNegative_samp[130],0.092,0.45,0.78,-1.4,0.24,1.2,3.0,6.9e-06,1.7
etaNegative_samp[131],-0.86,0.48,0.79,-2.0,-1.0,0.6,2.8,6.3e-06,1.9
etaNegative_samp[132],-0.92,0.26,0.51,-1.6,-0.98,0.13,3.8,8.8e-06,1.5
etaNegative_samp[133],-0.33,0.11,0.41,-1.0,-0.28,0.26,13.0,3.1e-05,1.1
etaNegative_samp[134],-0.2,0.24,0.84,-1.0,-0.28,0.86,13.0,2.9e-05,1.2
etaNegative_samp[135],-0.16,0.085,0.45,-0.96,-0.15,0.56,29.0,6.6e-05,1.1
etaNegative_samp[136],1.4,0.18,0.49,0.53,1.4,2.1,7.7,1.8e-05,1.2
etaNegative_samp[137],-0.5,0.055,0.35,-1.1,-0.48,0.047,41.0,9.3e-05,1.1
etaNegative_samp[138],1.2,0.11,0.29,0.77,1.2,1.7,7.6,1.7e-05,1.2
etaNegative_samp[139],0.36,0.039,0.22,-0.023,0.36,0.71,33.0,7.5e-05,1.1
etaNegative_samp[140],-0.13,0.02,0.46,-0.99,-0.085,0.61,550.0,0.0013,1.0
etaNegative_samp[141],0.8,0.18,0.4,0.12,0.81,1.4,5.1,1.2e-05,1.3
etaNegative_samp[142],0.95,0.098,0.46,0.071,1.0,1.5,22.0,5e-05,1.1
etaNegative_samp[143],0.015,0.041,0.38,-0.61,0.002,0.64,86.0,0.0002,1.1
etaNegative_samp[144],-0.098,0.53,0.77,-1.6,0.27,0.57,2.1,4.9e-06,4.4
etaNegative_samp[145],0.079,0.025,0.36,-0.46,0.14,0.46,201.0,0.00046,1.0
etaNegative_samp[146],-1.3,0.11,0.26,-1.7,-1.3,-0.89,5.7,1.3e-05,1.3
etaNegative_samp[147],2.4,0.093,0.41,1.9,2.4,3.2,20.0,4.6e-05,1.3
etaNegative_samp[148],0.39,0.12,0.3,-0.16,0.42,0.83,6.7,1.5e-05,1.3
etaNegative_samp[149],1.7,0.038,0.26,1.2,1.7,2.1,47.0,0.00011,1.0
etaNegative_samp[150],-0.21,0.038,0.39,-0.93,-0.14,0.23,104.0,0.00024,1.0
etaNegative_samp[151],-0.99,0.11,0.38,-1.6,-1.0,-0.31,12.0,2.8e-05,1.2
etaNegative_samp[152],-0.31,0.24,0.39,-1.0,-0.19,0.17,2.5,5.8e-06,2.2
etaNegative_samp[153],-0.82,0.22,0.41,-1.4,-0.88,-0.048,3.4,7.7e-06,1.6
etaNegative_samp[154],-0.053,0.46,0.75,-1.4,0.15,0.89,2.7,6.2e-06,1.9
etaNegative_samp[155],0.095,0.047,0.35,-0.54,0.13,0.62,54.0,0.00012,1.0
etaNegative_samp[156],-0.13,0.13,0.36,-0.67,-0.15,0.52,7.9,1.8e-05,1.2
etaNegative_samp[157],-0.48,0.077,0.38,-1.1,-0.46,0.14,24.0,5.5e-05,1.3
etaNegative_samp[158],0.75,0.011,0.16,0.48,0.76,1.0,218.0,0.0005,1.0
etaNegative_samp[159],-0.29,0.16,0.51,-1.1,-0.29,0.55,10.0,2.4e-05,1.1
m_samp[1],0.11,0.46,0.77,-1.2,0.23,1.3,2.8,6.3e-06,1.9
m_samp[2],-1.5,0.66,1.0,-2.6,-1.8,0.61,2.4,5.6e-06,2.4
m_samp[3],0.26,0.13,0.38,-0.23,0.19,0.95,8.8,2e-05,1.1
m_samp[4],-1.2,0.35,0.62,-2.5,-1.0,-0.55,3.1,7.1e-06,1.7
m_samp[5],0.49,0.29,0.59,-0.54,0.55,1.4,4.3,9.8e-06,1.4
m_samp[6],0.013,0.077,0.39,-0.41,-0.099,0.84,25.0,5.7e-05,1.2
m_samp[7],0.071,0.028,0.57,-0.74,-0.0014,1.1,424.0,0.00098,1.0
m_samp[8],-0.43,0.21,0.73,-1.5,-0.49,0.8,12.0,2.7e-05,1.1
m_samp[9],-0.77,0.049,0.75,-1.9,-0.82,0.56,234.0,0.00054,1.0
m_samp[10],-0.22,0.21,0.47,-0.99,-0.25,0.64,5.1,1.2e-05,1.4
m_samp[11],-1.7,0.2,0.48,-2.5,-1.7,-0.77,5.7,1.3e-05,1.4
m_samp[12],0.17,0.29,0.52,-0.63,0.21,1.0,3.2,7.4e-06,1.6
m_samp[13],-0.41,0.15,0.3,-0.76,-0.47,0.34,4.1,9.5e-06,1.5
m_samp[14],0.13,0.31,0.57,-0.88,0.2,1.0,3.3,7.5e-06,1.6
m_samp[15],-0.42,0.61,0.94,-1.5,-0.79,1.3,2.4,5.5e-06,2.4
m_samp[16],-0.42,0.12,0.45,-1.3,-0.44,0.43,15.0,3.5e-05,2.1
m_samp[17],1.4,0.49,0.88,-0.56,1.6,2.5,3.2,7.4e-06,1.7
m_samp[18],0.067,0.13,0.46,-0.45,-0.072,1.1,14.0,3.2e-05,1.5
m_samp[19],-0.03,0.063,0.38,-0.46,-0.13,0.68,36.0,8.4e-05,1.1
m_samp[20],0.62,0.049,0.74,-0.54,0.56,1.8,235.0,0.00054,1.0
m_samp[21],-0.25,0.45,0.94,-1.5,-0.47,1.4,4.3,9.9e-06,1.4
m_samp[22],-0.36,0.17,0.67,-1.4,-0.33,0.75,16.0,3.7e-05,1.1
m_samp[23],0.83,0.058,0.76,-0.41,0.82,2.1,170.0,0.00039,1.0
m_samp[24],-0.34,0.28,0.7,-1.3,-0.44,0.91,6.5,1.5e-05,1.2
m_samp[25],-0.77,0.21,0.46,-1.5,-0.79,-0.091,4.8,1.1e-05,1.3
m_samp[26],0.35,0.19,0.8,-0.85,0.28,1.8,18.0,4.2e-05,1.1
m_samp[27],0.18,0.16,0.44,-0.54,0.13,0.94,7.5,1.7e-05,1.2
m_samp[28],-1.0,0.34,0.56,-1.8,-1.1,-0.073,2.7,6.1e-06,2.0
m_samp[29],-0.49,0.18,0.58,-1.3,-0.61,0.62,10.0,2.4e-05,1.1
m_samp[30],-1.2,0.18,0.5,-1.8,-1.2,0.2,8.3,1.9e-05,1.4
m_samp[31],-0.33,0.29,0.51,-1.3,-0.26,0.43,3.0,6.9e-06,1.8
m_samp[32],0.057,0.12,0.4,-0.41,-0.031,0.81,11.0,2.5e-05,1.1
m_samp[33],-0.2,0.42,0.93,-1.5,-0.22,1.3,4.9,1.1e-05,1.3
m_samp[34],0.8,0.36,0.85,-0.37,0.64,2.3,5.4,1.2e-05,1.4
m_samp[35],-0.44,0.54,1.0,-1.9,-0.34,1.2,3.5,8.1e-06,1.5
m_samp[36],-0.099,0.48,0.81,-0.98,-0.36,1.6,2.8,6.5e-06,2.3
m_samp[37],-1.7,0.41,0.72,-3.2,-1.5,-0.87,3.1,7.1e-06,1.8
m_samp[38],0.74,0.084,0.8,-0.59,0.7,2.1,90.0,0.00021,1.0
m_samp[39],0.95,0.045,0.51,0.15,0.92,1.9,133.0,0.00031,1.0
m_samp[40],0.81,0.58,1.0,-0.83,0.9,2.4,3.0,7e-06,1.7
m_samp[41],0.29,0.74,1.2,-1.9,0.63,1.8,2.5,5.8e-06,2.2
m_samp[42],0.092,0.15,0.48,-0.6,0.05,0.95,10.0,2.4e-05,1.2
m_samp[43],-0.087,0.46,0.77,-1.4,0.057,0.98,2.8,6.4e-06,2.0
m_samp[44],0.4,0.1,0.42,-0.12,0.3,1.3,17.0,3.8e-05,1.2
m_samp[45],2.2,0.28,0.71,0.95,2.3,3.3,6.3,1.4e-05,1.2
m_samp[46],0.56,0.42,0.89,-0.82,0.53,1.8,4.5,1e-05,1.3
m_samp[47],-0.23,0.048,0.22,-0.67,-0.22,0.087,21.0,4.9e-05,1.2
m_samp[48],0.32,0.37,0.64,-0.22,0.061,1.7,2.9,6.7e-06,2.4
m_samp[49],0.37,0.099,0.54,-0.36,0.27,1.4,30.0,6.8e-05,1.1
m_samp[50],-0.51,0.03,0.18,-0.79,-0.51,-0.21,37.0,8.4e-05,1.1
m_samp[51],-0.82,0.37,0.59,-1.5,-0.98,0.51,2.6,5.9e-06,2.2
m_samp[52],1.7,0.32,0.68,0.61,1.7,2.8,4.5,1e-05,1.3
m_samp[53],0.64,0.49,0.98,-0.92,0.59,2.0,4.0,9.1e-06,1.4
m_samp[54],-0.23,0.068,0.24,-0.61,-0.23,0.13,12.0,2.7e-05,1.1
m_samp[55],0.2,0.046,0.31,-0.25,0.17,0.72,43.0,0.0001,1.1
m_samp[56],-0.83,0.31,0.83,-2.2,-0.82,0.51,7.0,1.6e-05,1.2
m_samp[57],-0.25,0.17,0.47,-0.64,-0.37,0.95,7.2,1.7e-05,1.7
m_samp[58],2.2,0.27,0.77,0.9,2.2,3.4,8.0,1.8e-05,1.3
m_samp[59],0.81,0.066,0.63,-0.1,0.77,1.9,89.0,0.0002,1.0
m_samp[60],-0.67,0.097,0.56,-1.5,-0.74,0.41,34.0,7.8e-05,1.1
m_samp[61],-0.6,0.19,0.31,-0.93,-0.68,0.096,2.8,6.4e-06,2.0
m_samp[62],-0.029,0.53,0.82,-0.79,-0.4,1.7,2.4,5.4e-06,2.6
m_samp[63],-0.4,0.054,0.19,-0.69,-0.4,-0.11,13.0,2.9e-05,1.2
m_samp[64],-0.023,0.13,0.93,-1.5,-0.057,1.5,52.0,0.00012,1.1
m_samp[65],-0.29,1.1,1.7,-1.7,-1.1,3.0,2.1,4.9e-06,4.6
m_samp[66],0.14,0.14,0.46,-0.41,0.052,1.1,11.0,2.5e-05,1.1
m_samp[67],1.3,0.11,0.61,0.28,1.4,2.2,33.0,7.6e-05,1.0
m_samp[68],-0.00066,0.22,0.84,-0.73,-0.17,2.6,15.0,3.5e-05,1.3
m_samp[69],0.3,0.22,0.62,-1.1,0.37,1.2,8.2,1.9e-05,1.6
m_samp[70],0.45,0.24,0.71,-0.36,0.29,2.1,8.6,2e-05,1.4
m_samp[71],0.33,0.27,0.53,-0.48,0.33,1.2,3.8,8.8e-06,1.4
m_samp[72],1.2,0.55,0.93,-0.25,1.3,2.5,2.8,6.4e-06,1.8
m_samp[73],1.2,0.16,0.69,-0.0041,1.2,2.2,19.0,4.5e-05,1.1
m_samp[74],0.37,0.29,0.72,-0.83,0.32,1.6,5.9,1.4e-05,1.3
m_samp[75],0.91,0.28,0.57,0.15,0.87,1.9,4.3,9.8e-06,1.4
m_samp[76],-1.3,0.58,0.9,-2.4,-1.6,0.51,2.4,5.6e-06,2.4
m_samp[77],0.59,0.12,0.58,-0.093,0.44,2.0,23.0,5.3e-05,1.1
m_samp[78],0.07,0.063,0.9,-1.5,0.068,1.5,202.0,0.00047,1.0
m_samp[79],-0.38,0.04,0.24,-0.76,-0.39,-0.04,36.0,8.2e-05,1.1
m_samp[80],-0.31,0.07,0.24,-0.58,-0.36,0.24,12.0,2.8e-05,1.3
m_samp[81],-0.17,0.8,1.3,-1.3,-0.78,2.6,2.4,5.6e-06,2.5
m_samp[82],1.3,0.086,0.56,0.45,1.3,2.3,42.0,9.7e-05,1.1
m_samp[83],-0.59,0.062,0.25,-0.87,-0.63,0.071,16.0,3.7e-05,1.2
m_samp[84],-0.038,0.13,0.65,-0.87,-0.17,1.2,25.0,5.6e-05,1.1
m_samp[85],-0.053,0.16,0.39,-0.55,-0.12,0.66,5.9,1.3e-05,1.2
m_samp[86],0.34,0.024,0.64,-0.6,0.24,1.6,704.0,0.0016,1.0
m_samp[87],-1.1,0.25,0.44,-1.8,-1.1,-0.36,3.1,7.2e-06,1.7
m_samp[88],-0.9,0.35,0.68,-1.9,-1.0,0.36,3.7,8.4e-06,1.6
m_samp[89],0.22,0.38,0.89,-1.1,0.081,1.7,5.4,1.2e-05,1.3
m_samp[90],-0.45,0.19,0.35,-1.2,-0.39,0.025,3.5,7.9e-06,1.6
m_samp[91],-0.42,0.14,0.31,-0.96,-0.41,0.1,4.8,1.1e-05,1.3
m_samp[92],1.7,0.47,1.0,-0.8,1.9,2.9,4.6,1.1e-05,2.0
m_samp[93],-0.59,0.19,0.31,-1.3,-0.5,-0.23,2.7,6.1e-06,2.4
m_samp[94],-0.3,0.64,0.92,-1.0,-0.76,1.6,2.1,4.8e-06,7.0
m_samp[95],-0.68,0.017,0.13,-0.91,-0.66,-0.49,59.0,0.00014,1.1
m_samp[96],-0.63,0.082,0.29,-0.92,-0.67,0.1,12.0,2.8e-05,1.3
m_samp[97],0.029,0.24,0.64,-0.6,-0.21,1.5,6.9,1.6e-05,1.4
m_samp[98],-0.54,0.27,0.5,-1.7,-0.47,0.16,3.6,8.2e-06,1.8
m_samp[99],-0.39,0.32,0.65,-1.6,-0.32,0.6,4.0,9.3e-06,1.5
m_samp[100],-0.48,0.2,0.56,-1.0,-0.62,0.86,7.7,1.8e-05,1.6
m_samp[101],-0.53,0.03,0.16,-0.79,-0.54,-0.26,29.0,6.6e-05,1.1
m_samp[102],0.4,0.28,0.62,-0.66,0.45,1.4,4.9,1.1e-05,1.3
m_samp[103],-0.42,0.2,0.56,-1.2,-0.44,0.5,7.8,1.8e-05,1.2
m_samp[104],-0.21,0.12,0.63,-1.2,-0.21,0.83,28.0,6.4e-05,1.1
m_samp[105],-0.49,0.37,0.56,-1.1,-0.67,0.57,2.4,5.4e-06,2.6
m_samp[106],-0.5,0.13,0.44,-0.88,-0.59,0.65,12.0,2.7e-05,1.8
m_samp[107],0.29,0.053,0.6,-0.56,0.21,1.4,130.0,0.0003,1.0
m_samp[108],0.61,0.092,0.56,-0.11,0.52,1.6,36.0,8.3e-05,1.2
m_samp[109],0.65,0.41,0.79,-0.75,0.68,1.9,3.6,8.3e-06,1.6
m_samp[110],0.46,0.45,0.76,-0.81,0.57,1.6,2.8,6.4e-06,1.8
m_samp[111],0.17,0.068,0.89,-1.3,0.2,1.6,172.0,0.00039,1.0
m_samp[112],-0.52,0.081,0.21,-0.93,-0.5,-0.21,6.7,1.5e-05,1.4
m_samp[113],-0.69,0.47,0.8,-1.7,-0.97,0.75,2.9,6.7e-06,1.8
m_samp[114],-0.38,0.23,0.45,-0.95,-0.49,0.55,3.8,8.8e-06,1.5
m_samp[115],1.7,0.068,0.74,0.38,1.7,2.8,118.0,0.00027,1.0
m_samp[116],0.64,0.15,0.78,-0.78,0.67,1.9,28.0,6.5e-05,1.2
m_samp[117],-0.8,0.081,0.23,-1.3,-0.74,-0.53,8.1,1.9e-05,1.4
m_samp[118],0.28,0.21,0.48,-0.45,0.29,1.1,5.0,1.2e-05,1.3
m_samp[119],-0.11,0.029,0.71,-1.2,-0.12,1.2,604.0,0.0014,1.0
m_samp[120],0.27,0.2,0.49,-0.33,0.18,1.2,6.4,1.5e-05,1.2
m_samp[121],-1.2,0.17,0.46,-2.1,-1.2,-0.65,7.6,1.7e-05,1.2
m_samp[122],-0.74,0.17,0.33,-1.1,-0.83,-0.065,3.9,9e-06,1.5
m_samp[123],-0.59,1.0,1.5,-4.1,0.0047,0.98,2.3,5.4e-06,2.9
m_samp[124],1.4,0.98,1.4,-1.2,2.0,2.9,2.2,5e-06,3.7
m_samp[125],0.43,0.2,0.63,-0.36,0.31,1.6,10.0,2.3e-05,1.1
m_samp[126],-0.28,0.21,0.38,-0.89,-0.3,0.4,3.4,7.7e-06,1.6
m_samp[127],0.73,0.4,0.8,-0.72,0.74,2.1,4.1,9.4e-06,1.5
m_samp[128],0.43,0.028,0.62,-0.44,0.36,1.6,513.0,0.0012,1.0
m_samp[129],-0.59,0.17,0.28,-0.93,-0.67,-0.045,2.7,6.3e-06,2.0
m_samp[130],0.18,0.042,0.41,-0.35,0.11,0.98,93.0,0.00021,1.1
m_samp[131],-0.36,0.16,0.78,-1.4,-0.45,1.1,25.0,5.8e-05,1.1
m_samp[132],0.089,0.16,0.86,-1.4,0.13,1.6,29.0,6.7e-05,1.2
m_samp[133],0.67,0.12,0.59,-0.33,0.69,1.7,22.0,5.2e-05,1.2
m_samp[134],0.24,0.097,0.71,-0.89,0.21,1.4,55.0,0.00013,1.1
m_samp[135],-0.54,0.23,0.68,-1.5,-0.67,0.78,8.4,1.9e-05,1.2
m_samp[136],-0.33,0.044,0.2,-0.61,-0.36,0.13,21.0,4.8e-05,1.1
m_samp[137],-0.54,0.63,1.1,-1.8,-0.94,1.4,2.8,6.5e-06,1.8
m_samp[138],-0.56,0.14,0.26,-1.3,-0.51,-0.28,3.8,8.8e-06,1.9
m_samp[139],-0.24,0.026,0.28,-0.56,-0.3,0.23,120.0,0.00028,1.0
m_samp[140],-0.43,0.29,0.65,-1.3,-0.62,0.59,5.2,1.2e-05,1.3
m_samp[141],-0.86,0.29,0.51,-1.7,-0.91,-0.1,3.1,7.1e-06,1.7
m_samp[142],0.38,0.044,0.38,-0.15,0.33,1.1,75.0,0.00017,1.0
m_samp[143],-0.13,0.52,0.95,-1.1,-0.49,2.0,3.3,7.6e-06,1.9
m_samp[144],1.4,0.19,0.44,0.72,1.3,2.1,5.1,1.2e-05,1.3
m_samp[145],-1.4,0.05,0.44,-2.2,-1.4,-0.79,77.0,0.00018,1.1
m_samp[146],2.0,0.07,0.65,0.88,2.0,3.0,87.0,0.0002,1.1
m_samp[147],0.0064,0.17,0.33,-0.36,-0.088,0.61,3.6,8.3e-06,1.5
m_samp[148],1.8,0.32,0.74,0.62,1.8,2.9,5.3,1.2e-05,1.4
m_samp[149],-0.05,0.099,0.38,-0.57,-0.099,0.71,14.0,3.3e-05,1.1
m_samp[150],-0.2,0.38,0.67,-1.4,-0.13,0.83,3.1,7.2e-06,1.7
m_samp[151],-0.14,0.42,0.97,-1.7,-0.27,1.6,5.3,1.2e-05,1.3
m_samp[152],1.9,0.085,0.51,1.1,1.9,2.7,36.0,8.2e-05,1.2
m_samp[153],0.66,0.1,0.82,-0.56,0.61,2.1,66.0,0.00015,1.1
m_samp[154],-0.85,0.49,0.75,-1.8,-1.1,0.62,2.4,5.5e-06,2.6
m_samp[155],0.011,0.096,0.58,-0.68,-0.12,1.3,37.0,8.4e-05,1.1
m_samp[156],-0.85,0.28,0.56,-1.7,-0.9,0.085,3.9,9e-06,1.4
m_samp[157],-0.75,0.76,1.2,-2.0,-1.2,1.9,2.5,5.7e-06,2.9
m_samp[158],-0.27,0.33,0.55,-1.2,-0.18,0.52,2.8,6.4e-06,1.9
m_samp[159],0.84,0.059,0.64,-0.17,0.81,1.9,115.0,0.00026,1.0
b_samp[1],0.93,0.28,0.59,0.038,0.9,1.9,4.6,1.1e-05,1.3
b_samp[2],-1.4,0.61,0.95,-2.6,-1.6,0.44,2.4,5.6e-06,2.4
b_samp[3],0.46,0.1,0.4,-0.35,0.47,1.2,15.0,3.4e-05,1.5
b_samp[4],-0.13,0.55,0.9,-1.8,0.08,1.1,2.6,6.1e-06,2.0
b_samp[5],0.4,0.79,1.1,-1.7,0.87,1.6,2.1,4.9e-06,4.0
b_samp[6],-0.041,0.5,0.78,-1.6,0.17,0.95,2.5,5.7e-06,2.3
b_samp[7],0.38,0.34,0.82,-0.84,0.27,1.9,5.7,1.3e-05,1.3
b_samp[8],0.55,0.73,1.4,-2.6,0.88,2.2,3.6,8.2e-06,1.9
b_samp[9],0.19,0.091,0.76,-1.1,0.19,1.4,70.0,0.00016,1.1
b_samp[10],-0.034,0.44,0.7,-1.2,0.12,0.98,2.5,5.8e-06,2.1
b_samp[11],-1.7,0.025,0.4,-2.4,-1.6,-1.1,261.0,0.0006,1.0
b_samp[12],0.75,0.11,0.49,-0.18,0.76,1.6,20.0,4.5e-05,1.3
b_samp[13],-0.14,0.098,0.34,-0.7,-0.15,0.51,12.0,2.8e-05,1.2
b_samp[14],0.86,0.16,0.63,-0.31,0.9,1.8,15.0,3.5e-05,1.1
b_samp[15],-0.79,0.45,0.77,-2.0,-0.87,0.41,2.9,6.6e-06,1.8
b_samp[16],0.43,0.31,0.61,-0.55,0.39,1.5,3.8,8.8e-06,1.5
b_samp[17],2.3,0.28,0.54,1.4,2.3,3.1,3.9,8.9e-06,1.4
b_samp[18],0.67,0.47,0.7,-0.023,0.36,2.1,2.3,5.3e-06,2.8
b_samp[19],0.34,0.096,0.44,-0.31,0.33,1.0,21.0,4.8e-05,1.2
b_samp[20],-0.28,0.024,0.72,-1.5,-0.28,0.88,916.0,0.0021,1.0
b_samp[21],-0.79,0.6,1.0,-2.2,-0.98,1.1,2.8,6.5e-06,1.8
b_samp[22],-0.14,0.39,0.81,-1.4,-0.24,1.2,4.3,9.9e-06,1.4
b_samp[23],-0.08,0.18,0.96,-1.8,0.053,1.3,29.0,6.8e-05,1.3
b_samp[24],-0.63,0.53,0.88,-2.0,-0.76,0.85,2.8,6.4e-06,1.8
b_samp[25],-0.57,0.33,0.63,-1.6,-0.61,0.55,3.8,8.7e-06,1.5
b_samp[26],-0.54,0.37,0.78,-1.8,-0.56,0.84,4.5,1e-05,1.4
b_samp[27],0.78,0.13,0.57,-0.056,0.7,1.9,20.0,4.6e-05,1.2
b_samp[28],-1.2,0.021,0.4,-1.9,-1.1,-0.56,362.0,0.00083,1.0
b_samp[29],-0.39,0.079,0.51,-1.3,-0.37,0.42,41.0,9.5e-05,1.1
b_samp[30],-0.21,0.61,0.89,-1.1,-0.58,1.5,2.1,4.9e-06,4.1
b_samp[31],0.34,0.31,0.59,-0.69,0.35,1.3,3.7,8.4e-06,1.5
b_samp[32],0.17,0.39,0.63,-0.88,0.28,1.0,2.6,5.9e-06,2.1
b_samp[33],-0.044,0.35,0.93,-1.6,0.046,1.4,6.9,1.6e-05,1.2
b_samp[34],-0.67,0.52,0.88,-2.0,-0.78,0.64,2.8,6.5e-06,1.8
b_samp[35],-0.061,0.54,1.0,-1.9,0.077,1.5,3.6,8.3e-06,1.5
b_samp[36],-0.5,0.079,0.39,-1.1,-0.51,0.15,24.0,5.6e-05,1.1
b_samp[37],-0.56,0.26,0.79,-1.5,-0.66,1.1,8.8,2e-05,1.3
b_samp[38],-0.63,0.26,0.82,-1.8,-0.79,0.81,10.0,2.4e-05,1.1
b_samp[39],0.63,0.15,0.46,-0.15,0.63,1.4,9.8,2.2e-05,1.2
b_samp[40],0.77,0.59,0.92,-0.93,1.0,2.0,2.4,5.6e-06,2.4
b_samp[41],1.3,0.86,1.3,-1.3,1.8,2.9,2.4,5.5e-06,2.5
b_samp[42],0.96,0.12,0.59,0.2,0.82,2.2,24.0,5.5e-05,1.2
b_samp[43],0.52,0.65,1.0,-1.4,0.83,1.7,2.4,5.4e-06,2.5
b_samp[44],0.26,0.12,0.26,-0.15,0.24,0.71,4.4,1e-05,1.4
b_samp[45],1.2,0.75,1.3,-1.2,1.7,2.7,2.9,6.6e-06,2.0
b_samp[46],-0.48,0.57,1.0,-2.0,-0.63,1.5,3.3,7.6e-06,1.7
b_samp[47],-0.038,0.3,0.47,-1.2,0.16,0.36,2.5,5.7e-06,2.3
b_samp[48],0.24,0.039,0.26,-0.2,0.22,0.65,46.0,0.00011,1.0
b_samp[49],-0.82,0.11,0.54,-1.8,-0.74,-0.062,23.0,5.2e-05,1.1
b_samp[50],-0.028,0.068,0.22,-0.5,-0.0016,0.27,10.0,2.4e-05,1.4
b_samp[51],-0.24,0.79,1.2,-1.4,-0.71,2.4,2.5,5.6e-06,3.3
b_samp[52],0.44,0.67,0.99,-1.5,0.86,1.5,2.2,5e-06,3.8
b_samp[53],-1.1,0.27,0.74,-2.4,-1.1,-0.02,7.5,1.7e-05,1.2
b_samp[54],0.57,0.38,0.58,0.079,0.31,1.6,2.3,5.3e-06,2.7
b_samp[55],0.46,0.14,0.27,0.11,0.42,0.92,3.8,8.8e-06,1.6
b_samp[56],0.93,0.057,0.65,-0.053,0.93,2.0,128.0,0.00029,1.1
b_samp[57],-0.26,0.43,0.77,-2.3,-0.00078,0.48,3.3,7.5e-06,1.8
b_samp[58],0.59,0.8,1.3,-1.7,0.67,2.7,2.8,6.5e-06,1.8
b_samp[59],-0.1,0.47,0.79,-1.4,0.12,0.96,2.8,6.5e-06,1.8
b_samp[60],-0.35,0.47,0.82,-1.5,-0.5,1.4,3.1,7.1e-06,1.8
b_samp[61],-0.31,0.11,0.45,-0.95,-0.36,0.68,16.0,3.6e-05,1.3
b_samp[62],-0.88,0.21,0.57,-2.0,-0.76,-0.19,7.0,1.6e-05,1.2
b_samp[63],-0.16,0.17,0.35,-0.93,-0.071,0.18,4.0,9.2e-06,2.0
b_samp[64],-0.22,0.19,0.9,-1.5,-0.29,1.6,23.0,5.3e-05,1.2
b_samp[65],-0.72,0.94,1.4,-2.3,-1.2,2.0,2.2,5.1e-06,3.2
b_samp[66],0.28,0.45,0.75,-1.2,0.42,1.3,2.8,6.4e-06,1.9
b_samp[67],0.31,0.11,0.42,-0.42,0.32,0.96,14.0,3.3e-05,1.2
b_samp[68],0.59,0.13,0.52,-0.26,0.57,1.5,16.0,3.6e-05,1.2
b_samp[69],0.74,0.72,1.1,-1.2,1.1,2.1,2.4,5.4e-06,2.5
b_samp[70],0.92,0.34,0.71,-0.068,0.88,2.2,4.4,1e-05,1.4
b_samp[71],0.93,0.16,0.45,0.35,0.85,1.8,8.4,1.9e-05,1.2
b_samp[72],1.1,0.61,0.96,-0.81,1.4,2.3,2.5,5.7e-06,2.4
b_samp[73],0.069,0.46,0.94,-1.4,-0.018,1.8,4.2,9.7e-06,1.5
b_samp[74],0.13,0.43,0.85,-1.2,0.26,1.4,3.9,9e-06,1.4
b_samp[75],0.66,0.18,0.41,-0.15,0.69,1.3,5.1,1.2e-05,1.4
b_samp[76],-1.2,0.66,1.1,-2.5,-1.5,1.4,2.9,6.6e-06,2.3
b_samp[77],0.55,0.04,0.26,0.19,0.52,1.0,41.0,9.5e-05,1.0
b_samp[78],0.23,0.45,1.0,-1.5,0.29,1.5,4.9,1.1e-05,1.3
b_samp[79],0.14,0.33,0.51,-0.31,-0.06,1.4,2.5,5.8e-06,3.3
b_samp[80],0.12,0.075,0.2,-0.1,0.077,0.6,6.9,1.6e-05,1.4
b_samp[81],-0.67,0.07,0.49,-1.5,-0.66,0.25,49.0,0.00011,1.1
b_samp[82],0.58,0.13,0.43,-0.25,0.63,1.2,11.0,2.5e-05,1.2
b_samp[83],-0.19,0.04,0.18,-0.53,-0.19,0.11,21.0,4.8e-05,1.5
b_samp[84],-0.88,0.1,0.57,-1.9,-0.77,-0.095,31.0,7.1e-05,1.2
b_samp[85],0.66,0.17,0.68,-0.22,0.53,2.2,15.0,3.5e-05,1.6
b_samp[86],-0.3,0.38,0.78,-1.6,-0.28,0.83,4.3,9.8e-06,1.4
b_samp[87],-0.66,0.52,0.82,-1.8,-0.84,0.79,2.4,5.6e-06,2.3
b_samp[88],-0.53,0.69,1.2,-1.9,-0.81,2.1,2.8,6.4e-06,2.5
b_samp[89],-0.68,0.13,0.57,-1.6,-0.72,0.19,19.0,4.4e-05,1.1
b_samp[90],0.28,0.29,0.6,-0.84,0.27,1.3,4.1,9.4e-06,1.4
b_samp[91],0.29,0.044,0.38,-0.15,0.19,1.1,77.0,0.00018,1.1
b_samp[92],0.81,0.84,1.2,-1.6,1.3,2.1,2.2,5e-06,3.5
b_samp[93],0.65,0.56,0.84,-0.098,0.21,2.2,2.2,5.1e-06,3.2
b_samp[94],-0.42,0.032,0.16,-0.67,-0.41,-0.16,24.0,5.6e-05,1.3
b_samp[95],-0.48,0.29,0.46,-1.7,-0.29,-0.1,2.5,5.8e-06,2.8
b_samp[96],-0.43,0.2,0.32,-1.1,-0.31,-0.1,2.6,6e-06,2.2
b_samp[97],0.2,0.69,1.1,-1.2,-0.13,2.2,2.3,5.3e-06,2.7
b_samp[98],-0.23,0.36,0.58,-1.3,-0.061,0.48,2.6,6e-06,2.1
b_samp[99],1.0,0.092,0.64,0.0014,1.1,2.0,48.0,0.00011,1.1
b_samp[100],-0.2,0.34,0.61,-0.88,-0.35,1.2,3.2,7.3e-06,2.0
b_samp[101],-0.12,0.057,0.31,-0.82,-0.081,0.28,29.0,6.6e-05,1.1
b_samp[102],0.64,0.66,1.0,-1.2,0.9,2.0,2.4,5.5e-06,2.4
b_samp[103],0.72,0.046,0.59,-0.14,0.65,1.8,167.0,0.00038,1.0
b_samp[104],-1.2,0.41,0.8,-2.5,-1.2,0.19,3.8,8.8e-06,1.5
b_samp[105],-0.82,0.19,0.59,-1.7,-0.82,0.3,9.3,2.1e-05,1.4
b_samp[106],-0.069,0.089,0.19,-0.27,-0.12,0.4,4.8,1.1e-05,1.6
b_samp[107],0.13,0.097,0.63,-1.0,0.19,1.1,42.0,9.7e-05,1.1
b_samp[108],0.75,0.021,0.39,0.18,0.72,1.4,360.0,0.00083,1.0
b_samp[109],0.54,0.55,0.87,-1.3,0.76,1.7,2.6,5.9e-06,2.4
b_samp[110],0.99,0.45,0.77,-0.55,1.1,2.1,3.0,6.8e-06,1.8
b_samp[111],-0.39,0.044,0.73,-1.7,-0.35,0.74,283.0,0.00065,1.0
b_samp[112],-0.1,0.081,0.25,-0.54,-0.087,0.28,9.3,2.1e-05,1.3
b_samp[113],-1.2,0.12,0.58,-2.3,-1.1,-0.39,25.0,5.7e-05,1.3
b_samp[114],-0.2,0.043,0.34,-0.75,-0.22,0.36,60.0,0.00014,1.1
b_samp[115],-0.015,0.069,0.82,-1.5,0.068,1.2,144.0,0.00033,1.0
b_samp[116],-0.61,0.28,0.74,-1.7,-0.64,0.62,6.9,1.6e-05,1.2
b_samp[117],-0.34,0.033,0.19,-0.66,-0.33,-0.051,34.0,7.7e-05,1.1
b_samp[118],0.6,0.42,0.68,-0.62,0.73,1.6,2.6,6.1e-06,2.0
b_samp[119],-0.21,0.34,0.83,-1.7,-0.16,0.85,6.0,1.4e-05,1.2
b_samp[120],0.19,0.15,0.59,-0.87,0.11,1.5,17.0,3.8e-05,1.5
b_samp[121],-0.13,0.41,0.91,-1.1,-0.36,2.1,5.0,1.2e-05,2.3
b_samp[122],-0.45,0.072,0.39,-0.91,-0.47,0.23,30.0,6.8e-05,1.2
b_samp[123],0.96,1.1,1.6,-1.8,1.5,2.7,2.2,5e-06,3.5
b_samp[124],2.0,0.59,0.93,0.3,2.3,3.2,2.4,5.6e-06,2.3
b_samp[125],-0.41,0.057,0.49,-1.2,-0.4,0.36,74.0,0.00017,1.0
b_samp[126],-0.78,0.78,1.2,-2.6,-0.2,0.77,2.3,5.2e-06,3.2
b_samp[127],0.35,0.28,0.69,-0.68,0.31,1.8,5.9,1.4e-05,1.3
b_samp[128],-0.72,0.32,0.8,-2.2,-0.55,0.24,6.3,1.5e-05,1.4
b_samp[129],-0.7,0.41,0.6,-1.8,-0.41,-0.17,2.1,4.8e-06,4.8
b_samp[130],0.45,0.25,0.68,-1.1,0.51,1.4,7.6,1.8e-05,1.5
b_samp[131],-0.29,0.42,0.85,-1.6,-0.32,1.2,4.1,9.5e-06,1.5
b_samp[132],-0.85,0.25,0.75,-2.0,-0.96,0.41,8.6,2e-05,1.1
b_samp[133],0.7,0.29,0.72,-0.59,0.78,1.7,5.9,1.4e-05,1.2
b_samp[134],-0.43,0.023,0.47,-1.3,-0.41,0.24,429.0,0.00099,1.0
b_samp[135],-0.77,0.31,0.67,-1.9,-0.76,0.25,4.6,1.1e-05,1.3
b_samp[136],0.16,0.083,0.24,-0.14,0.12,0.64,8.1,1.9e-05,1.3
b_samp[137],-1.2,0.3,0.65,-2.2,-1.1,-0.12,4.7,1.1e-05,1.3
b_samp[138],-0.16,0.16,0.44,-1.1,-0.063,0.42,7.8,1.8e-05,1.5
b_samp[139],0.081,0.1,0.36,-0.64,0.083,0.68,13.0,2.9e-05,1.4
b_samp[140],-0.74,0.17,0.63,-1.8,-0.72,0.38,14.0,3.1e-05,1.1
b_samp[141],-0.59,0.076,0.45,-1.2,-0.58,0.19,35.0,8.1e-05,1.1
b_samp[142],0.44,0.23,0.54,-0.54,0.46,1.3,5.7,1.3e-05,1.3
b_samp[143],-1.0,0.049,0.52,-1.9,-0.97,-0.34,112.0,0.00026,1.0
b_samp[144],1.4,0.52,0.91,-0.73,1.6,2.4,3.1,7.2e-06,1.8
b_samp[145],-0.52,0.32,0.61,-1.4,-0.58,0.76,3.7,8.5e-06,1.5
b_samp[146],0.12,0.37,0.97,-1.3,0.033,1.8,7.0,1.6e-05,1.2
b_samp[147],0.0018,0.091,0.31,-0.69,0.049,0.47,12.0,2.7e-05,1.6
b_samp[148],1.4,0.34,0.6,0.32,1.5,2.3,3.1,7.1e-06,1.7
b_samp[149],0.4,0.15,0.45,-0.41,0.38,1.1,8.5,1.9e-05,1.2
b_samp[150],0.55,0.47,0.84,-1.0,0.62,1.8,3.2,7.3e-06,1.7
b_samp[151],-0.87,0.23,0.75,-2.2,-0.8,0.15,11.0,2.5e-05,1.1
b_samp[152],1.1,1.2,1.7,-1.8,1.9,2.8,2.1,4.8e-06,4.9
b_samp[153],-0.44,0.46,0.97,-2.0,-0.44,1.6,4.5,1e-05,1.4
b_samp[154],-0.88,0.071,0.47,-1.7,-0.84,-0.077,44.0,0.0001,1.1
b_samp[155],0.47,0.17,0.54,-0.35,0.45,1.3,9.9,2.3e-05,1.1
b_samp[156],-0.5,0.46,0.75,-1.6,-0.64,0.86,2.7,6.3e-06,2.0
b_samp[157],-1.1,0.067,0.53,-2.1,-1.1,-0.25,63.0,0.00015,1.0
b_samp[158],0.14,0.67,1.0,-1.7,0.47,1.4,2.3,5.2e-06,2.9
b_samp[159],0.52,0.58,0.99,-1.0,0.37,2.2,2.9,6.6e-06,1.8
beta[1],1.2,0.35,0.52,0.59,0.96,2.2,2.3,5.2e-06,3.0
beta[2],1.8,0.34,0.54,0.9,1.9,2.6,2.5,5.8e-06,2.1
beta[3],2.2,0.21,0.37,1.7,2.2,2.9,3.2,7.3e-06,1.6
beta[4],1.4,0.11,0.72,0.5,1.4,2.7,42.0,9.7e-05,1.0
beta[5],1.7,0.46,0.71,0.92,1.5,3.1,2.4,5.5e-06,2.5
beta[6],2.9,0.065,1.3,1.1,2.9,5.2,371.0,0.00085,1.0
beta[7],1.7,0.0064,0.24,1.3,1.7,2.0,1351.0,0.0031,1.0
beta[8],1.5,0.57,0.85,0.8,1.2,3.5,2.2,5.1e-06,4.2
beta[9],1.8,0.056,0.65,1.0,1.7,2.9,136.0,0.00031,1.0
beta[10],1.6,0.059,0.29,1.1,1.6,2.0,23.0,5.4e-05,1.1
beta[11],3.7,0.77,1.1,1.8,4.2,5.0,2.2,5e-06,3.5
beta[12],2.2,0.21,0.37,1.6,2.1,2.8,3.1,7e-06,1.7
beta[13],2.6,0.32,0.75,1.7,2.5,4.1,5.5,1.3e-05,1.2
beta[14],1.5,0.4,0.63,0.7,1.3,2.6,2.5,5.7e-06,2.2
beta[15],3.7,0.49,0.87,2.5,3.8,5.1,3.1,7.2e-06,1.6
beta[16],1.0,0.17,0.5,0.36,0.99,1.8,8.6,2e-05,1.1
beta[17],1.9,0.48,0.7,1.3,1.6,3.3,2.1,4.9e-06,4.0
beta[18],2.2,0.037,0.45,1.5,2.2,3.0,154.0,0.00035,1.0
beta[19],2.4,0.16,0.64,1.3,2.5,3.4,17.0,3.9e-05,1.1
beta[20],2.3,0.11,0.23,2.0,2.2,2.8,4.7,1.1e-05,1.7
beta[21],2.2,0.15,0.38,1.8,2.2,3.0,6.3,1.4e-05,1.2
beta[22],2.8,0.28,0.98,1.7,2.5,4.7,12.0,2.8e-05,1.1
beta[23],2.5,0.11,0.37,1.9,2.5,3.1,11.0,2.5e-05,1.1
beta[24],2.8,0.19,0.5,2.2,2.6,3.7,7.1,1.6e-05,1.2
beta[25],2.7,0.047,0.56,2.0,2.6,3.6,142.0,0.00033,1.0
beta[26],2.2,0.014,0.13,2.0,2.1,2.4,99.0,0.00023,1.0
beta[27],2.2,0.16,0.38,1.5,2.3,2.7,5.8,1.3e-05,1.2
beta[28],5.2,1.2,1.8,2.2,5.7,7.6,2.4,5.4e-06,2.5
beta[29],3.3,0.5,1.4,1.9,2.9,6.1,8.3,1.9e-05,1.1
beta[30],4.6,0.97,1.5,2.2,5.0,6.8,2.5,5.8e-06,2.1
beta[31],2.1,0.36,0.93,0.82,2.0,3.5,6.9,1.6e-05,1.2
beta[32],2.0,0.38,1.0,0.68,1.8,3.3,7.0,1.6e-05,1.2
beta[33],1.2,0.0067,0.087,1.0,1.2,1.3,169.0,0.00039,1.0
beta[34],3.5,0.31,0.66,2.7,3.4,4.7,4.4,1e-05,1.3
beta[35],2.8,0.025,0.4,2.2,2.8,3.5,254.0,0.00058,1.0
beta[36],2.8,0.18,0.46,2.2,2.8,3.6,6.1,1.4e-05,1.2
beta[37],5.7,1.4,2.6,2.3,5.7,10.0,3.6,8.2e-06,1.5
beta[38],1.5,0.007,0.088,1.3,1.5,1.6,159.0,0.00037,1.0
beta[39],5.0,0.14,1.2,3.0,5.1,6.8,70.0,0.00016,1.1
beta[40],1.3,0.28,0.43,0.68,1.1,2.0,2.4,5.6e-06,2.3
beta[41],0.95,0.23,0.37,0.52,0.82,1.7,2.5,5.7e-06,2.3
beta[42],1.7,0.36,0.74,0.69,1.6,3.1,4.4,1e-05,1.4
beta[43],1.1,0.25,0.41,0.55,0.94,1.8,2.7,6.2e-06,2.0
beta[44],1.9,0.16,0.38,1.2,1.9,2.4,6.0,1.4e-05,1.2
beta[45],2.0,0.23,0.39,1.5,1.9,2.7,3.0,6.9e-06,1.8
beta[46],2.1,0.016,0.13,1.9,2.1,2.3,71.0,0.00016,1.0
beta[47],2.2,0.038,0.18,1.9,2.2,2.5,22.0,5e-05,1.1
beta[48],3.3,0.043,0.41,2.6,3.2,4.0,90.0,0.00021,1.0
beta[49],1.6,0.089,0.22,1.3,1.5,2.1,5.9,1.4e-05,1.4
beta[50],3.4,0.18,0.64,2.6,3.3,4.6,13.0,3.1e-05,1.1
beta[51],5.1,0.95,1.8,2.6,5.1,8.0,3.5,7.9e-06,1.5
beta[52],0.71,0.19,0.28,0.45,0.58,1.3,2.1,4.9e-06,4.3
beta[53],2.2,0.064,0.19,1.9,2.2,2.5,8.5,2e-05,1.2
beta[54],2.6,0.22,0.51,1.7,2.6,3.4,5.3,1.2e-05,1.3
beta[55],2.0,0.034,0.16,1.7,2.0,2.2,23.0,5.3e-05,1.1
beta[56],1.6,0.22,0.38,1.1,1.5,2.4,3.0,6.8e-06,2.1
beta[57],2.9,0.055,0.68,2.0,2.8,4.2,151.0,0.00035,1.0
beta[58],1.2,0.073,0.15,0.92,1.2,1.4,4.1,9.3e-06,1.5
beta[59],3.3,0.2,0.98,1.6,3.4,4.8,24.0,5.5e-05,1.1
beta[60],2.2,0.14,0.45,1.7,2.1,3.1,10.0,2.4e-05,1.1
beta[61],6.8,2.1,3.0,1.5,8.1,9.8,2.1,4.8e-06,4.5
beta[62],1.2,0.029,0.43,0.7,1.1,2.0,224.0,0.00052,1.0
beta[63],6.6,1.6,2.3,2.4,7.4,9.4,2.3,5.2e-06,2.9
beta[64],1.9,0.032,0.19,1.6,1.8,2.2,34.0,7.9e-05,1.0
beta[65],4.2,1.0,1.6,1.7,4.5,6.6,2.7,6.1e-06,1.9
beta[66],1.4,0.31,0.61,0.6,1.3,2.5,3.9,9e-06,1.4
beta[67],2.2,0.22,0.54,1.3,2.2,3.0,6.1,1.4e-05,1.2
beta[68],1.4,0.29,0.68,0.51,1.3,2.6,5.4,1.2e-05,1.4
beta[69],1.5,0.051,0.69,0.74,1.3,2.8,180.0,0.00041,1.0
beta[70],1.6,0.12,0.46,0.86,1.6,2.3,16.0,3.6e-05,1.1
beta[71],1.7,0.45,0.81,0.76,1.4,3.2,3.2,7.4e-06,1.7
beta[72],1.2,0.23,0.35,0.8,1.1,1.8,2.3,5.4e-06,2.5
beta[73],2.3,0.0074,0.26,1.8,2.3,2.7,1274.0,0.0029,1.0
beta[74],2.2,0.11,0.35,1.6,2.3,2.6,10.0,2.3e-05,1.1
beta[75],1.7,0.23,0.36,1.3,1.6,2.4,2.3,5.4e-06,2.8
beta[76],2.4,0.37,0.54,1.4,2.6,3.0,2.2,5e-06,3.6
beta[77],2.0,0.091,0.2,1.7,2.0,2.4,4.9,1.1e-05,1.3
beta[78],1.3,0.0019,0.075,1.2,1.3,1.5,1560.0,0.0036,1.0
beta[79],1.7,0.12,0.22,1.3,1.7,2.0,3.7,8.4e-06,1.5
beta[80],3.3,0.18,0.5,2.5,3.3,4.2,7.9,1.8e-05,1.2
beta[81],3.6,0.41,1.3,2.4,3.2,6.0,9.7,2.2e-05,1.1
beta[82],1.4,0.11,0.19,1.2,1.4,1.8,3.0,7e-06,1.7
beta[83],3.3,0.48,0.86,2.1,3.4,4.7,3.2,7.3e-06,1.6
beta[84],2.1,0.042,0.14,1.9,2.1,2.4,12.0,2.7e-05,1.1
beta[85],1.3,0.29,0.71,0.46,1.2,2.5,5.9,1.4e-05,1.2
beta[86],2.6,0.019,0.48,2.0,2.6,3.5,639.0,0.0015,1.0
beta[87],2.8,0.32,0.5,1.9,2.9,3.4,2.5,5.7e-06,2.2
beta[88],3.1,0.31,0.59,2.3,3.1,4.1,3.7,8.4e-06,1.5
beta[89],3.2,0.094,0.42,2.8,3.1,4.0,21.0,4.7e-05,1.1
beta[90],1.3,0.23,0.8,0.36,1.2,2.5,12.0,2.7e-05,1.1
beta[91],3.4,0.069,1.8,0.84,3.3,6.9,679.0,0.0016,1.0
beta[92],0.74,0.22,0.33,0.43,0.6,1.5,2.4,5.5e-06,3.2
beta[93],2.5,0.057,1.4,0.67,2.2,5.3,618.0,0.0014,1.0
beta[94],3.2,0.7,1.1,1.5,3.4,4.7,2.5,5.7e-06,2.2
beta[95],3.0,0.52,0.9,1.7,3.1,4.5,3.0,7e-06,1.7
beta[96],1.9,0.21,0.41,1.3,1.9,2.6,3.7,8.5e-06,1.5
beta[97],3.6,0.35,1.0,2.6,3.3,5.6,8.4,1.9e-05,1.2
beta[98],2.2,0.025,0.73,1.1,2.0,3.5,856.0,0.002,1.0
beta[99],1.3,0.37,0.67,0.54,1.0,2.7,3.3,7.6e-06,1.8
beta[100],2.5,0.15,0.34,2.0,2.4,3.1,4.9,1.1e-05,1.3
beta[101],3.6,0.44,1.0,2.2,3.5,5.4,5.2,1.2e-05,1.3
beta[102],1.4,0.32,0.67,0.63,1.3,2.8,4.4,1e-05,1.4
beta[103],1.4,0.33,0.6,0.58,1.2,2.3,3.2,7.4e-06,1.6
beta[104],2.7,0.13,0.28,2.4,2.7,3.2,4.4,1e-05,1.3
beta[105],2.1,0.094,0.19,1.9,2.1,2.5,4.2,9.6e-06,1.4
beta[106],9.3,3.2,5.4,1.2,9.9,18.0,3.0,6.8e-06,1.7
beta[107],2.1,0.066,0.6,1.4,2.0,3.2,82.0,0.00019,1.1
beta[108],1.4,0.17,0.35,0.84,1.4,1.9,4.1,9.3e-06,1.4
beta[109],1.8,0.1,0.18,1.5,1.8,2.1,3.2,7.3e-06,1.6
beta[110],0.83,0.29,0.43,0.38,0.65,1.6,2.2,5.1e-06,3.2
beta[111],1.4,0.011,0.12,1.2,1.3,1.5,123.0,0.00028,1.0
beta[112],3.1,0.17,0.64,2.2,2.9,4.2,14.0,3.2e-05,1.1
beta[113],2.5,0.22,0.54,1.8,2.4,3.4,6.0,1.4e-05,1.2
beta[114],4.5,0.81,1.9,2.2,4.3,8.0,5.5,1.3e-05,1.3
beta[115],1.4,0.072,0.19,1.2,1.4,1.9,6.8,1.6e-05,1.4
beta[116],1.8,0.046,0.15,1.7,1.8,2.1,10.0,2.3e-05,1.3
beta[117],11.0,3.5,5.5,2.7,13.0,19.0,2.5,5.6e-06,2.2
beta[118],1.4,0.43,0.67,0.66,1.2,2.7,2.5,5.7e-06,2.3
beta[119],1.1,0.32,0.57,0.48,0.89,2.3,3.1,7.1e-06,1.8
beta[120],4.9,0.1,0.97,3.1,4.9,6.5,94.0,0.00022,1.0
beta[121],2.1,0.38,1.1,0.95,1.7,4.2,8.8,2e-05,1.2
beta[122],5.3,1.3,2.1,2.1,5.8,8.3,2.4,5.6e-06,2.3
beta[123],1.7,0.24,0.36,1.3,1.5,2.4,2.3,5.2e-06,2.9
beta[124],1.3,0.21,0.31,0.93,1.2,1.9,2.3,5.3e-06,2.8
beta[125],2.0,0.48,0.71,1.4,1.6,3.4,2.2,4.9e-06,3.9
beta[126],2.3,0.91,1.6,0.14,2.7,4.8,3.1,7.1e-06,1.7
beta[127],1.1,0.041,0.11,0.91,1.1,1.3,7.3,1.7e-05,1.2
beta[128],2.0,0.012,0.22,1.7,2.0,2.3,361.0,0.00083,1.0
beta[129],2.9,0.48,0.87,1.7,3.0,4.3,3.2,7.4e-06,1.6
beta[130],1.4,0.25,0.54,0.59,1.3,2.2,4.5,1e-05,1.3
beta[131],2.0,0.01,0.27,1.7,2.0,2.5,706.0,0.0016,1.0
beta[132],1.7,0.016,0.21,1.4,1.6,2.0,164.0,0.00038,1.0
beta[133],1.5,0.1,0.26,1.1,1.5,1.9,6.5,1.5e-05,1.2
beta[134],2.8,0.094,0.86,1.7,2.7,4.4,83.0,0.00019,1.1
beta[135],2.7,0.2,0.46,2.1,2.6,3.5,5.2,1.2e-05,1.3
beta[136],2.0,0.082,0.26,1.5,2.0,2.5,10.0,2.4e-05,1.2
beta[137],2.0,0.19,0.44,1.5,2.0,2.9,5.2,1.2e-05,1.3
beta[138],2.2,0.081,0.27,1.8,2.1,2.7,11.0,2.6e-05,1.1
beta[139],5.2,0.62,1.6,3.2,4.9,8.1,6.3,1.4e-05,1.2
beta[140],2.0,0.18,0.43,1.5,1.9,2.8,5.9,1.4e-05,1.2
beta[141],6.3,1.7,2.6,2.3,7.0,9.7,2.4,5.5e-06,2.4
beta[142],1.6,0.21,0.44,0.83,1.6,2.2,4.5,1e-05,1.3
beta[143],2.1,0.13,0.27,1.8,2.1,2.6,4.4,1e-05,1.3
beta[144],1.6,0.39,0.58,0.95,1.3,2.6,2.2,5e-06,3.7
beta[145],1.8,0.12,0.7,1.1,1.6,3.1,33.0,7.6e-05,1.1
beta[146],2.9,0.068,0.32,2.2,3.0,3.4,23.0,5.3e-05,1.3
beta[147],2.2,0.022,0.36,1.6,2.1,2.8,264.0,0.00061,1.0
beta[148],1.5,0.18,0.27,1.2,1.5,2.0,2.4,5.5e-06,2.4
beta[149],1.6,0.34,0.69,0.57,1.5,2.6,4.1,9.4e-06,1.4
beta[150],0.82,0.25,0.42,0.33,0.66,1.6,3.0,6.8e-06,1.7
beta[151],1.5,0.13,0.23,1.2,1.4,2.0,3.0,7e-06,1.8
beta[152],1.6,0.33,0.5,1.0,1.4,2.5,2.3,5.2e-06,2.8
beta[153],1.7,0.0028,0.095,1.6,1.7,1.9,1123.0,0.0026,1.0
beta[154],2.3,0.18,0.89,1.4,2.0,4.0,26.0,5.9e-05,1.1
beta[155],1.9,0.038,0.3,1.4,1.9,2.4,60.0,0.00014,1.0
beta[156],3.9,0.6,1.1,2.4,3.9,5.8,3.4,7.9e-06,1.5
beta[157],3.4,0.56,0.96,2.0,3.5,4.8,3.0,6.8e-06,1.7
beta[158],1.2,0.27,0.49,0.54,1.2,2.0,3.4,7.9e-06,1.5
beta[159],2.7,0.02,0.47,1.8,2.8,3.4,559.0,0.0013,1.0
etaPositive[1],0.01,0.0028,0.005,0.0015,0.011,0.017,3.1,7.2e-06,1.6
etaPositive[2],0.013,0.0012,0.0036,0.0076,0.012,0.019,9.5,2.2e-05,1.1
etaPositive[3],0.042,0.003,0.0083,0.029,0.041,0.056,7.7,1.8e-05,1.2
etaPositive[4],0.0024,0.00042,0.0015,0.00055,0.002,0.0053,13.0,3e-05,1.1
etaPositive[5],0.016,0.0029,0.006,0.0051,0.016,0.025,4.3,1e-05,1.4
etaPositive[6],0.0035,0.0009,0.0019,0.00097,0.0033,0.0074,4.2,9.7e-06,1.5
etaPositive[7],0.01,9.1e-05,0.0019,0.0073,0.01,0.014,417.0,0.00096,1.0
etaPositive[8],0.0077,0.0025,0.004,0.00067,0.009,0.013,2.5,5.7e-06,2.2
etaPositive[9],0.018,0.00049,0.0086,0.0037,0.018,0.032,304.0,0.0007,1.0
etaPositive[10],0.011,0.00086,0.0025,0.007,0.01,0.015,8.5,2e-05,1.2
etaPositive[11],0.0094,0.0011,0.0018,0.0065,0.0096,0.012,2.8,6.5e-06,1.8
etaPositive[12],0.017,0.0012,0.0038,0.011,0.017,0.024,11.0,2.5e-05,1.1
etaPositive[13],0.011,0.00049,0.0073,0.0051,0.0096,0.024,219.0,0.0005,1.0
etaPositive[14],0.0066,0.0011,0.0021,0.004,0.0062,0.011,3.5,8.1e-06,1.6
etaPositive[15],0.017,0.0015,0.0033,0.012,0.017,0.023,5.0,1.2e-05,1.3
etaPositive[16],0.007,0.0034,0.0055,0.00093,0.005,0.017,2.6,5.9e-06,2.1
etaPositive[17],0.012,0.00071,0.0016,0.0096,0.013,0.015,5.4,1.2e-05,1.3
etaPositive[18],0.011,0.0003,0.002,0.0082,0.011,0.015,45.0,0.0001,1.1
etaPositive[19],0.0081,0.00044,0.0017,0.0056,0.0079,0.011,14.0,3.3e-05,1.1
etaPositive[20],0.023,0.00014,0.0021,0.019,0.023,0.026,215.0,0.00049,1.0
etaPositive[21],0.017,0.00018,0.0029,0.012,0.017,0.022,252.0,0.00058,1.0
etaPositive[22],0.0045,0.00032,0.0014,0.0024,0.0044,0.0071,19.0,4.5e-05,1.2
etaPositive[23],0.023,0.0023,0.0059,0.014,0.023,0.033,6.4,1.5e-05,1.2
etaPositive[24],0.011,0.0012,0.0024,0.006,0.011,0.014,3.9,8.9e-06,1.5
etaPositive[25],0.0033,0.0006,0.0012,0.0015,0.0033,0.0053,4.0,9.1e-06,1.4
etaPositive[26],0.03,0.00039,0.0033,0.025,0.03,0.035,70.0,0.00016,1.0
etaPositive[27],0.0082,8.3e-05,0.0013,0.0062,0.0081,0.01,236.0,0.00054,1.0
etaPositive[28],0.0046,0.0011,0.0017,0.0015,0.0051,0.0069,2.5,5.7e-06,2.2
etaPositive[29],0.0074,0.00044,0.0026,0.0035,0.0074,0.012,33.0,7.7e-05,1.1
etaPositive[30],0.021,0.00025,0.0045,0.014,0.02,0.029,327.0,0.00075,1.0
etaPositive[31],0.0028,0.00028,0.0011,0.0014,0.0027,0.005,15.0,3.6e-05,1.1
etaPositive[32],0.0019,0.00017,0.001,0.00043,0.0017,0.0037,33.0,7.6e-05,1.1
etaPositive[33],0.013,9.1e-05,0.0016,0.01,0.013,0.015,316.0,0.00073,1.0
etaPositive[34],0.012,0.00031,0.0025,0.0078,0.012,0.016,69.0,0.00016,1.1
etaPositive[35],0.0051,0.00012,0.0012,0.0033,0.005,0.007,98.0,0.00022,1.0
etaPositive[36],0.014,0.00024,0.0035,0.0088,0.014,0.02,223.0,0.00051,1.0
etaPositive[37],0.0034,0.00051,0.0011,0.0019,0.0032,0.0056,4.8,1.1e-05,1.4
etaPositive[38],0.016,0.0005,0.0017,0.013,0.016,0.019,12.0,2.6e-05,1.1
etaPositive[39],0.0044,0.00033,0.0012,0.0023,0.0044,0.0064,13.0,3e-05,1.1
etaPositive[40],0.0091,0.0019,0.0062,0.0026,0.0065,0.021,11.0,2.5e-05,1.1
etaPositive[41],0.012,0.001,0.0054,0.0034,0.012,0.021,27.0,6.2e-05,1.1
etaPositive[42],0.0013,0.00036,0.00086,0.00031,0.0011,0.0032,5.6,1.3e-05,1.6
etaPositive[43],0.017,0.0046,0.013,0.0038,0.013,0.046,8.6,2e-05,1.1
etaPositive[44],0.031,0.0069,0.014,0.0036,0.032,0.054,4.1,9.5e-06,1.6
etaPositive[45],0.024,0.012,0.017,0.0036,0.034,0.045,2.3,5.2e-06,3.0
etaPositive[46],0.0075,7.9e-05,0.00078,0.0063,0.0074,0.0088,98.0,0.00023,1.0
etaPositive[47],0.028,0.0011,0.0072,0.015,0.028,0.039,39.0,9e-05,1.1
etaPositive[48],0.031,0.0018,0.0063,0.017,0.031,0.039,13.0,3e-05,1.2
etaPositive[49],0.034,0.0081,0.014,0.0036,0.038,0.051,2.8,6.5e-06,2.4
etaPositive[50],0.018,0.00086,0.0071,0.0066,0.017,0.029,67.0,0.00015,1.1
etaPositive[51],0.0054,9.5e-05,0.0013,0.0034,0.0053,0.0078,201.0,0.00046,1.0
etaPositive[52],0.086,0.025,0.04,0.012,0.098,0.14,2.5,5.7e-06,2.3
etaPositive[53],0.02,0.0016,0.0041,0.013,0.02,0.026,6.8,1.6e-05,1.3
etaPositive[54],0.016,8.1e-05,0.0028,0.011,0.015,0.021,1153.0,0.0026,1.0
etaPositive[55],0.03,0.0037,0.01,0.014,0.029,0.048,8.2,1.9e-05,1.2
etaPositive[56],0.0059,0.00095,0.0019,0.0022,0.0061,0.0088,4.2,9.6e-06,1.4
etaPositive[57],0.0098,0.0018,0.0034,0.0056,0.0091,0.017,3.6,8.4e-06,1.7
etaPositive[58],0.068,0.0034,0.024,0.029,0.073,0.1,50.0,0.00011,1.1
etaPositive[59],0.0029,7.7e-05,0.001,0.001,0.0029,0.0045,181.0,0.00042,1.0
etaPositive[60],0.0068,0.00014,0.0011,0.0051,0.0067,0.0086,62.0,0.00014,1.1
etaPositive[61],0.0049,4.8e-05,0.00056,0.004,0.0048,0.0058,133.0,0.00031,1.0
etaPositive[62],0.022,0.0065,0.013,0.004,0.02,0.045,4.2,9.6e-06,1.4
etaPositive[63],0.0023,0.0003,0.00074,0.00091,0.0024,0.0034,6.1,1.4e-05,1.2
etaPositive[64],0.026,0.00068,0.0048,0.019,0.026,0.035,50.0,0.00011,1.1
etaPositive[65],0.0056,0.00029,0.0014,0.0035,0.0054,0.0082,23.0,5.2e-05,1.2
etaPositive[66],0.0029,0.00015,0.0013,0.001,0.0028,0.0051,76.0,0.00017,1.1
etaPositive[67],0.004,0.00039,0.0014,0.0017,0.004,0.0062,13.0,3e-05,1.1
etaPositive[68],0.0035,0.0017,0.0035,0.0013,0.0024,0.014,4.3,9.8e-06,2.5
etaPositive[69],0.0015,0.001,0.0015,0.00012,0.00072,0.0047,2.3,5.3e-06,2.8
etaPositive[70],0.0078,0.00066,0.003,0.0023,0.0083,0.012,21.0,4.7e-05,1.1
etaPositive[71],0.0027,0.00075,0.0018,0.00046,0.0023,0.0061,5.5,1.3e-05,1.4
etaPositive[72],0.016,0.00056,0.0027,0.011,0.016,0.021,24.0,5.5e-05,1.1
etaPositive[73],0.0094,0.00074,0.0019,0.0061,0.0094,0.012,6.8,1.6e-05,1.3
etaPositive[74],0.0079,9.1e-05,0.0012,0.0059,0.0078,0.0099,178.0,0.00041,1.0
etaPositive[75],0.034,0.0064,0.012,0.0037,0.036,0.048,3.4,7.8e-06,2.0
etaPositive[76],0.017,0.0025,0.0039,0.0097,0.018,0.022,2.5,5.7e-06,2.2
etaPositive[77],0.041,0.0014,0.007,0.031,0.042,0.051,26.0,5.9e-05,1.1
etaPositive[78],0.014,4.9e-05,0.0016,0.011,0.014,0.017,1058.0,0.0024,1.0
etaPositive[79],0.031,0.0087,0.014,0.0071,0.034,0.05,2.6,5.9e-06,2.1
etaPositive[80],0.015,0.0006,0.0025,0.011,0.015,0.02,18.0,4.1e-05,1.1
etaPositive[81],0.0048,6.9e-05,0.0012,0.003,0.0047,0.0068,286.0,0.00066,1.0
etaPositive[82],0.033,0.0029,0.0077,0.017,0.034,0.045,7.3,1.7e-05,1.3
etaPositive[83],0.0085,0.0007,0.0027,0.0053,0.0079,0.015,15.0,3.4e-05,1.4
etaPositive[84],0.023,0.0012,0.0027,0.019,0.023,0.028,5.1,1.2e-05,1.3
etaPositive[85],0.0011,0.00017,0.00075,0.00018,0.00088,0.0025,20.0,4.5e-05,1.2
etaPositive[86],0.0038,0.001,0.0017,0.00088,0.0043,0.0061,2.5,5.9e-06,2.1
etaPositive[87],0.016,0.0028,0.0045,0.008,0.017,0.022,2.6,5.9e-06,2.2
etaPositive[88],0.014,0.00069,0.0021,0.011,0.014,0.018,9.1,2.1e-05,1.1
etaPositive[89],0.03,0.00088,0.0066,0.02,0.03,0.041,56.0,0.00013,1.0
etaPositive[90],0.0021,0.00012,0.00097,0.00068,0.0021,0.0038,68.0,0.00016,1.1
etaPositive[91],0.0036,0.00039,0.0026,0.00057,0.0032,0.0077,43.0,0.0001,1.1
etaPositive[92],0.048,0.014,0.025,0.0072,0.049,0.087,3.1,7.2e-06,1.6
etaPositive[93],0.0039,0.00071,0.0022,0.0013,0.0036,0.0082,9.3,2.1e-05,1.3
etaPositive[94],0.01,0.0015,0.0026,0.0065,0.0096,0.015,3.2,7.3e-06,1.6
etaPositive[95],0.008,0.00059,0.0018,0.0052,0.0078,0.011,9.3,2.1e-05,1.2
etaPositive[96],0.016,0.00047,0.0044,0.0099,0.016,0.024,90.0,0.00021,1.0
etaPositive[97],0.014,0.00031,0.0042,0.0071,0.015,0.021,178.0,0.00041,1.0
etaPositive[98],0.011,0.0018,0.0056,0.0031,0.0096,0.021,9.8,2.3e-05,1.1
etaPositive[99],0.0026,0.0003,0.0017,0.00043,0.0023,0.0056,30.0,6.8e-05,1.2
etaPositive[100],0.034,0.001,0.0078,0.021,0.033,0.047,59.0,0.00014,1.1
etaPositive[101],0.0052,0.00032,0.0011,0.0038,0.005,0.0076,11.0,2.5e-05,1.4
etaPositive[102],0.0017,0.00061,0.0014,0.00026,0.0013,0.0046,5.2,1.2e-05,1.5
etaPositive[103],0.0045,0.00078,0.0023,0.0015,0.004,0.0086,8.5,1.9e-05,1.2
etaPositive[104],0.024,0.0015,0.0036,0.017,0.024,0.029,5.6,1.3e-05,1.4
etaPositive[105],0.038,0.0023,0.0071,0.026,0.038,0.05,9.6,2.2e-05,1.2
etaPositive[106],0.0032,0.0022,0.0042,0.001,0.0016,0.015,3.6,8.4e-06,4.0
etaPositive[107],0.0084,0.00024,0.0029,0.0034,0.0086,0.013,148.0,0.00034,1.0
etaPositive[108],0.0059,4.4e-05,0.0011,0.0043,0.0058,0.0078,601.0,0.0014,1.0
etaPositive[109],0.015,0.00029,0.0022,0.011,0.015,0.018,58.0,0.00013,1.1
etaPositive[110],0.0098,0.00089,0.0026,0.0055,0.0098,0.014,8.8,2e-05,1.2
etaPositive[111],0.013,0.00076,0.0022,0.0088,0.012,0.016,8.5,2e-05,1.2
etaPositive[112],0.0086,0.00012,0.0019,0.0056,0.0086,0.012,256.0,0.00059,1.0
etaPositive[113],0.0049,9.5e-05,0.0015,0.0027,0.0048,0.0076,259.0,0.0006,1.0
etaPositive[114],0.0074,0.00068,0.0021,0.0042,0.0073,0.011,9.6,2.2e-05,1.1
etaPositive[115],0.03,0.0023,0.0078,0.019,0.029,0.044,12.0,2.7e-05,1.2
etaPositive[116],0.015,0.00047,0.0022,0.011,0.015,0.018,22.0,5.1e-05,1.2
etaPositive[117],0.002,0.00042,0.00076,0.00052,0.0021,0.0031,3.3,7.6e-06,1.6
etaPositive[118],0.0055,0.00049,0.0012,0.004,0.0053,0.0077,6.4,1.5e-05,1.3
etaPositive[119],0.0096,0.0029,0.0075,0.0017,0.0079,0.024,6.8,1.6e-05,1.2
etaPositive[120],0.0053,4.3e-05,0.00077,0.004,0.0053,0.0065,318.0,0.00073,1.0
etaPositive[121],0.0068,0.00058,0.0027,0.003,0.0065,0.012,22.0,5.1e-05,1.2
etaPositive[122],0.0089,0.00016,0.0018,0.0062,0.0088,0.012,120.0,0.00028,1.0
etaPositive[123],0.012,0.002,0.0031,0.0061,0.013,0.016,2.4,5.6e-06,2.3
etaPositive[124],0.013,0.0013,0.0024,0.0097,0.014,0.017,3.7,8.6e-06,1.4
etaPositive[125],0.019,0.0065,0.01,0.0026,0.021,0.033,2.6,5.9e-06,2.0
etaPositive[126],0.011,0.01,0.015,0.0014,0.0029,0.041,2.1,4.9e-06,3.8
etaPositive[127],0.046,0.007,0.013,0.016,0.049,0.063,3.5,8e-06,2.1
etaPositive[128],0.012,0.00063,0.002,0.0087,0.012,0.015,9.6,2.2e-05,1.2
etaPositive[129],0.019,0.00039,0.0036,0.013,0.018,0.025,84.0,0.00019,1.1
etaPositive[130],0.0039,0.0003,0.0016,0.0011,0.0041,0.0064,29.0,6.6e-05,1.1
etaPositive[131],0.012,0.00013,0.0029,0.0073,0.012,0.017,469.0,0.0011,1.0
etaPositive[132],0.023,0.0022,0.0056,0.011,0.023,0.031,6.4,1.5e-05,1.3
etaPositive[133],0.017,0.00042,0.0042,0.01,0.017,0.024,100.0,0.00023,1.0
etaPositive[134],0.022,0.0023,0.0066,0.011,0.021,0.033,8.0,1.8e-05,1.2
etaPositive[135],0.023,0.002,0.0055,0.015,0.023,0.033,7.4,1.7e-05,1.2
etaPositive[136],0.029,0.00092,0.0065,0.018,0.029,0.04,50.0,0.00012,1.0
etaPositive[137],0.019,0.00061,0.0036,0.014,0.019,0.025,34.0,7.9e-05,1.1
etaPositive[138],0.018,0.0032,0.0081,0.0042,0.016,0.033,6.5,1.5e-05,1.2
etaPositive[139],0.0041,0.00073,0.0014,0.0023,0.0038,0.0067,3.6,8.2e-06,1.5
etaPositive[140],0.018,0.0015,0.0036,0.012,0.018,0.024,5.9,1.4e-05,1.2
etaPositive[141],0.011,0.00025,0.0022,0.0081,0.011,0.015,75.0,0.00017,1.0
etaPositive[142],0.013,0.00051,0.0032,0.0083,0.013,0.019,38.0,8.7e-05,1.0
etaPositive[143],0.033,0.0029,0.0089,0.016,0.034,0.048,9.7,2.2e-05,1.2
etaPositive[144],0.0092,0.00041,0.00097,0.0077,0.0091,0.011,5.7,1.3e-05,1.2
etaPositive[145],0.013,0.00043,0.0051,0.0063,0.013,0.023,142.0,0.00033,1.0
etaPositive[146],0.011,0.00027,0.0011,0.0097,0.011,0.013,16.0,3.7e-05,1.1
etaPositive[147],0.026,0.0014,0.008,0.014,0.025,0.04,31.0,7.2e-05,1.1
etaPositive[148],0.037,0.0048,0.0086,0.023,0.037,0.05,3.2,7.4e-06,1.6
etaPositive[149],0.0052,0.00041,0.0025,0.0018,0.0049,0.01,37.0,8.5e-05,1.1
etaPositive[150],0.0035,0.00061,0.0021,0.001,0.003,0.0075,12.0,2.7e-05,1.1
etaPositive[151],0.016,0.005,0.0076,0.0021,0.019,0.025,2.3,5.3e-06,2.8
etaPositive[152],0.015,0.00066,0.0018,0.012,0.015,0.018,7.7,1.8e-05,1.2
etaPositive[153],0.027,0.0015,0.0041,0.02,0.027,0.034,7.8,1.8e-05,1.2
etaPositive[154],0.0094,0.0021,0.0051,0.0033,0.0084,0.019,6.2,1.4e-05,1.2
etaPositive[155],0.016,0.0002,0.0026,0.012,0.015,0.02,165.0,0.00038,1.0
etaPositive[156],0.009,0.0007,0.0019,0.0065,0.0088,0.013,7.0,1.6e-05,1.2
etaPositive[157],0.008,0.00031,0.0012,0.0059,0.0081,0.01,15.0,3.5e-05,1.1
etaPositive[158],0.0079,0.00038,0.0024,0.0042,0.0077,0.012,41.0,9.5e-05,1.1
etaPositive[159],0.0084,0.00039,0.0017,0.0056,0.0085,0.011,18.0,4.2e-05,1.1
etaNegative[1],0.0092,0.0017,0.004,0.0031,0.009,0.016,5.2,1.2e-05,1.3
etaNegative[2],0.005,0.0018,0.0029,0.00031,0.0055,0.0093,2.6,6e-06,2.0
etaNegative[3],0.065,0.0032,0.014,0.042,0.064,0.091,20.0,4.7e-05,1.1
etaNegative[4],0.0083,0.00079,0.0034,0.003,0.0081,0.014,19.0,4.3e-05,1.1
etaNegative[5],0.02,0.0006,0.0061,0.0099,0.02,0.03,106.0,0.00024,1.0
etaNegative[6],0.012,0.0015,0.0029,0.0058,0.013,0.016,3.7,8.4e-06,1.9
etaNegative[7],0.004,8.6e-05,0.0021,0.00091,0.0041,0.0078,600.0,0.0014,1.0
etaNegative[8],0.0034,0.0018,0.0029,0.0004,0.0022,0.0089,2.5,5.8e-06,2.1
etaNegative[9],0.0081,0.00033,0.0056,0.00068,0.0075,0.018,292.0,0.00067,1.0
etaNegative[10],0.014,0.00061,0.0062,0.004,0.014,0.024,102.0,0.00023,1.0
etaNegative[11],0.0044,0.0017,0.0026,0.00014,0.0049,0.0081,2.5,5.9e-06,2.1
etaNegative[12],0.019,0.0011,0.0041,0.013,0.018,0.026,15.0,3.4e-05,1.1
etaNegative[13],0.029,0.0016,0.016,0.0082,0.028,0.053,100.0,0.00023,1.1
etaNegative[14],0.014,0.0011,0.0023,0.0095,0.014,0.017,4.5,1e-05,1.3
etaNegative[15],0.0099,0.0013,0.0051,0.0034,0.009,0.02,15.0,3.5e-05,1.1
etaNegative[16],0.021,0.0076,0.012,0.00088,0.025,0.035,2.3,5.3e-06,2.6
etaNegative[17],0.0066,0.002,0.0031,0.00085,0.0075,0.01,2.4,5.5e-06,2.4
etaNegative[18],0.022,0.0013,0.007,0.011,0.022,0.034,28.0,6.3e-05,1.2
etaNegative[19],0.019,0.00021,0.0039,0.013,0.019,0.025,347.0,0.0008,1.0
etaNegative[20],0.0017,0.00064,0.0012,0.00042,0.0013,0.0041,3.4,7.9e-06,1.6
etaNegative[21],0.0042,0.0011,0.0023,0.0013,0.0037,0.0088,4.3,9.9e-06,1.4
etaNegative[22],0.0025,0.00025,0.0014,0.00045,0.0024,0.0048,32.0,7.3e-05,1.1
etaNegative[23],0.0057,0.0016,0.0033,0.0019,0.0049,0.012,4.1,9.5e-06,1.4
etaNegative[24],0.0066,0.0031,0.0055,0.0012,0.0046,0.018,3.0,7e-06,2.0
etaNegative[25],0.0024,0.00065,0.0022,0.00018,0.0019,0.0067,11.0,2.6e-05,1.1
etaNegative[26],0.0048,0.0018,0.0031,0.0015,0.0038,0.011,3.0,6.9e-06,1.7
etaNegative[27],0.0062,0.00021,0.0017,0.0036,0.0061,0.009,61.0,0.00014,1.1
etaNegative[28],0.0099,0.0058,0.0087,0.0027,0.0057,0.028,2.2,5.1e-06,3.1
etaNegative[29],0.0057,0.00022,0.002,0.0025,0.0056,0.009,80.0,0.00018,1.0
etaNegative[30],0.017,0.0057,0.0092,0.0013,0.019,0.031,2.6,6.1e-06,2.0
etaNegative[31],0.017,0.00038,0.0031,0.012,0.017,0.022,69.0,0.00016,1.0
etaNegative[32],0.029,0.00028,0.0038,0.023,0.03,0.035,190.0,0.00044,1.0
etaNegative[33],0.00069,0.00016,0.0009,6.3e-05,0.00046,0.0021,31.0,7.1e-05,1.1
etaNegative[34],0.0063,0.002,0.0037,0.0024,0.0052,0.014,3.4,7.9e-06,1.6
etaNegative[35],0.00042,2.1e-05,0.00044,3e-05,0.00028,0.0012,436.0,0.001,1.0
etaNegative[36],0.0063,0.00021,0.002,0.0032,0.0063,0.0098,86.0,0.0002,1.0
etaNegative[37],0.0014,0.0002,0.00074,0.00061,0.0013,0.0029,13.0,3e-05,1.2
etaNegative[38],0.0013,0.00052,0.0012,0.00037,0.00097,0.0034,5.7,1.3e-05,1.3
etaNegative[39],0.0047,0.00028,0.0015,0.0027,0.0046,0.0072,30.0,7e-05,1.1
etaNegative[40],0.0083,0.00058,0.0027,0.0045,0.008,0.013,21.0,4.9e-05,1.1
etaNegative[41],0.0092,0.00059,0.0039,0.0022,0.0094,0.016,45.0,0.0001,1.1
etaNegative[42],0.0064,0.00044,0.0029,0.0017,0.0064,0.011,43.0,9.9e-05,1.1
etaNegative[43],0.015,0.0003,0.0081,0.0056,0.014,0.031,723.0,0.0017,1.0
etaNegative[44],0.099,0.016,0.058,0.032,0.086,0.22,13.0,2.9e-05,1.1
etaNegative[45],0.0064,0.0036,0.0058,0.00028,0.0073,0.015,2.5,5.8e-06,2.2
etaNegative[46],0.0012,0.00035,0.00082,0.00036,0.00096,0.0027,5.5,1.3e-05,1.3
etaNegative[47],0.062,0.0047,0.016,0.036,0.062,0.089,12.0,2.7e-05,1.1
etaNegative[48],0.086,0.017,0.034,0.028,0.091,0.13,3.9,8.9e-06,1.5
etaNegative[49],0.0088,0.0026,0.0062,0.0031,0.0071,0.022,5.8,1.3e-05,1.6
etaNegative[50],0.034,0.0016,0.0071,0.021,0.035,0.045,21.0,4.8e-05,1.1
etaNegative[51],0.0045,7.9e-05,0.0012,0.0027,0.0045,0.0066,245.0,0.00056,1.0
etaNegative[52],0.062,0.017,0.031,0.014,0.064,0.11,3.3,7.7e-06,1.6
etaNegative[53],0.0053,0.0021,0.0035,0.0017,0.0039,0.012,2.6,6.1e-06,2.0
etaNegative[54],0.085,0.0015,0.013,0.065,0.086,0.11,73.0,0.00017,1.0
etaNegative[55],0.021,0.002,0.0095,0.0095,0.018,0.04,23.0,5.4e-05,1.1
etaNegative[56],0.0013,0.00046,0.001,0.00026,0.001,0.0036,4.9,1.1e-05,1.3
etaNegative[57],0.018,0.0014,0.0038,0.0086,0.018,0.023,6.8,1.6e-05,1.6
etaNegative[58],0.018,0.0072,0.012,0.0074,0.013,0.045,2.6,6e-06,2.3
etaNegative[59],0.0063,0.00079,0.0035,0.0014,0.006,0.013,19.0,4.5e-05,1.1
etaNegative[60],0.0039,0.0012,0.003,0.00075,0.0033,0.0096,6.5,1.5e-05,1.4
etaNegative[61],0.0071,0.00044,0.0019,0.0036,0.0073,0.01,19.0,4.3e-05,1.1
etaNegative[62],0.024,0.0018,0.01,0.01,0.022,0.042,32.0,7.2e-05,1.1
etaNegative[63],0.0091,0.0038,0.0061,0.0029,0.0069,0.022,2.6,6.1e-06,2.1
etaNegative[64],0.0012,3.7e-05,0.0011,0.00019,0.001,0.0035,865.0,0.002,1.0
etaNegative[65],0.0043,0.0013,0.0023,0.0019,0.0036,0.0085,3.2,7.3e-06,1.8
etaNegative[66],0.019,0.00036,0.0055,0.0095,0.019,0.028,237.0,0.00054,1.0
etaNegative[67],0.0084,0.0016,0.0041,0.0034,0.0077,0.016,6.8,1.6e-05,1.3
etaNegative[68],0.028,0.0035,0.0082,0.0066,0.03,0.038,5.6,1.3e-05,2.0
etaNegative[69],0.0018,0.00027,0.0011,0.00026,0.0017,0.0039,18.0,4.1e-05,1.2
etaNegative[70],0.005,0.0012,0.0033,0.00092,0.0042,0.011,8.0,1.8e-05,1.2
etaNegative[71],0.0084,0.0012,0.0025,0.0038,0.0087,0.012,4.2,9.6e-06,1.5
etaNegative[72],0.011,0.00079,0.0042,0.0057,0.011,0.018,29.0,6.7e-05,1.1
etaNegative[73],0.005,0.002,0.0035,0.0014,0.0038,0.013,3.1,7.2e-06,2.0
etaNegative[74],0.0042,0.00025,0.0029,0.00053,0.0037,0.0096,140.0,0.00032,1.0
etaNegative[75],0.036,0.0036,0.015,0.013,0.034,0.064,17.0,3.8e-05,1.5
etaNegative[76],0.0059,0.0011,0.0021,0.0023,0.0059,0.0093,3.8,8.7e-06,1.4
etaNegative[77],0.037,0.0016,0.013,0.017,0.036,0.058,64.0,0.00015,1.0
etaNegative[78],0.00025,4.4e-05,0.00022,2.5e-05,0.00019,0.0007,27.0,6.1e-05,1.1
etaNegative[79],0.026,0.0051,0.011,0.0092,0.026,0.044,4.8,1.1e-05,1.3
etaNegative[80],0.045,0.0026,0.009,0.029,0.045,0.059,12.0,2.7e-05,1.2
etaNegative[81],0.0026,0.00069,0.0017,0.00056,0.0023,0.0056,5.7,1.3e-05,1.2
etaNegative[82],0.016,0.0012,0.006,0.0071,0.015,0.027,25.0,5.8e-05,1.1
etaNegative[83],0.021,0.0014,0.004,0.012,0.021,0.027,7.8,1.8e-05,1.3
etaNegative[84],0.0034,0.00059,0.0017,0.0011,0.0033,0.0064,8.0,1.8e-05,1.2
etaNegative[85],0.0087,0.00063,0.0027,0.004,0.0089,0.013,18.0,4e-05,1.2
etaNegative[86],0.0046,0.0026,0.004,0.00091,0.0026,0.013,2.3,5.4e-06,2.6
etaNegative[87],0.018,0.0068,0.011,0.0068,0.014,0.038,2.4,5.5e-06,2.5
etaNegative[88],0.0063,0.00044,0.0035,0.0019,0.0057,0.013,62.0,0.00014,1.0
etaNegative[89],0.012,0.0016,0.012,0.0016,0.0083,0.034,60.0,0.00014,1.0
etaNegative[90],0.069,0.0033,0.034,0.027,0.065,0.12,105.0,0.00024,1.0
etaNegative[91],0.036,0.00076,0.006,0.027,0.037,0.045,62.0,0.00014,1.0
etaNegative[92],0.031,0.004,0.016,0.0073,0.029,0.061,17.0,3.8e-05,1.2
etaNegative[93],0.12,0.00075,0.016,0.099,0.12,0.15,450.0,0.001,1.0
etaNegative[94],0.014,0.0041,0.0064,0.0036,0.016,0.023,2.4,5.5e-06,2.4
etaNegative[95],0.019,0.0015,0.0038,0.013,0.019,0.026,6.2,1.4e-05,1.2
etaNegative[96],0.025,0.0035,0.01,0.0075,0.024,0.042,8.3,1.9e-05,1.2
etaNegative[97],0.024,0.0037,0.016,0.0037,0.023,0.051,18.0,4.1e-05,1.1
etaNegative[98],0.017,0.0024,0.0073,0.0049,0.017,0.029,9.6,2.2e-05,1.2
etaNegative[99],0.0033,0.00025,0.0016,0.00083,0.0034,0.0059,42.0,9.6e-05,1.2
etaNegative[100],0.018,0.0009,0.006,0.0088,0.018,0.028,45.0,0.0001,1.1
etaNegative[101],0.019,0.0013,0.0044,0.0082,0.019,0.025,12.0,2.7e-05,1.4
etaNegative[102],0.0036,0.0005,0.0016,0.0011,0.0036,0.0063,10.0,2.3e-05,1.2
etaNegative[103],0.0046,0.0011,0.0028,0.00046,0.0046,0.0091,7.0,1.6e-05,1.2
etaNegative[104],0.007,0.0036,0.0055,0.002,0.0044,0.018,2.3,5.3e-06,2.8
etaNegative[105],0.02,0.0085,0.013,0.0072,0.015,0.046,2.3,5.3e-06,2.8
etaNegative[106],0.02,0.0035,0.0068,0.0042,0.021,0.028,3.7,8.4e-06,2.1
etaNegative[107],0.0052,0.00022,0.0029,0.0013,0.0047,0.011,182.0,0.00042,1.0
etaNegative[108],0.0066,0.0012,0.0035,0.0019,0.006,0.013,8.0,1.8e-05,1.2
etaNegative[109],0.0052,0.0016,0.0027,0.0022,0.0044,0.011,2.9,6.7e-06,1.9
etaNegative[110],0.023,0.0018,0.0066,0.012,0.022,0.034,14.0,3.1e-05,1.1
etaNegative[111],0.00071,0.00013,0.00058,0.00013,0.00058,0.0018,20.0,4.6e-05,1.1
etaNegative[112],0.023,0.00081,0.0055,0.014,0.023,0.032,47.0,0.00011,1.0
etaNegative[113],0.0017,0.00011,0.001,0.00032,0.0016,0.0035,88.0,0.0002,1.1
etaNegative[114],0.0083,0.00083,0.0025,0.0043,0.0083,0.012,8.9,2e-05,1.2
etaNegative[115],0.0043,0.0011,0.0024,0.0015,0.0036,0.0087,4.3,1e-05,1.4
etaNegative[116],0.0038,0.0025,0.0049,0.00079,0.0021,0.013,4.0,9.1e-06,1.7
etaNegative[117],0.012,0.0024,0.0049,0.0051,0.012,0.021,4.0,9.3e-06,1.4
etaNegative[118],0.034,0.0015,0.0046,0.026,0.034,0.041,8.9,2e-05,1.2
etaNegative[119],0.0018,0.00015,0.0024,0.00011,0.0011,0.0057,266.0,0.00061,1.0
etaNegative[120],0.0055,0.00045,0.0018,0.0025,0.0055,0.0085,16.0,3.7e-05,1.1
etaNegative[121],0.0064,0.00046,0.0023,0.0026,0.0063,0.01,26.0,5.9e-05,1.1
etaNegative[122],0.014,0.0034,0.0054,0.0043,0.015,0.021,2.5,5.7e-06,2.2
etaNegative[123],0.0039,0.00091,0.0018,0.0016,0.0036,0.0073,3.8,8.6e-06,1.5
etaNegative[124],0.0051,0.0014,0.0025,0.00026,0.0056,0.0085,3.2,7.3e-06,1.8
etaNegative[125],0.0033,0.00022,0.0018,0.0013,0.0029,0.007,72.0,0.00016,1.0
etaNegative[126],0.15,0.14,0.21,0.011,0.04,0.57,2.1,4.8e-06,5.2
etaNegative[127],0.022,0.012,0.02,0.0049,0.014,0.067,3.0,7e-06,2.1
etaNegative[128],0.007,0.0035,0.0064,0.0013,0.0043,0.022,3.4,7.8e-06,1.8
etaNegative[129],0.025,0.0053,0.0097,0.011,0.026,0.041,3.4,7.9e-06,1.5
etaNegative[130],0.015,0.0051,0.012,0.0021,0.012,0.037,5.4,1.2e-05,1.3
etaNegative[131],0.0044,0.0033,0.005,0.00033,0.002,0.016,2.3,5.4e-06,3.4
etaNegative[132],0.003,0.0015,0.0029,0.00069,0.002,0.01,3.7,8.6e-06,1.8
etaNegative[133],0.0065,0.00081,0.0033,0.0021,0.0061,0.012,17.0,3.8e-05,1.1
etaNegative[134],0.016,0.013,0.047,0.0019,0.0059,0.019,13.0,2.9e-05,1.2
etaNegative[135],0.0083,0.00083,0.0049,0.0021,0.0073,0.018,35.0,8e-05,1.1
etaNegative[136],0.051,0.0092,0.023,0.016,0.052,0.089,6.5,1.5e-05,1.2
etaNegative[137],0.005,0.00012,0.0023,0.0018,0.0046,0.0093,385.0,0.00088,1.0
etaNegative[138],0.039,0.0011,0.01,0.024,0.039,0.056,85.0,0.0002,1.0
etaNegative[139],0.014,0.00043,0.0034,0.0091,0.014,0.02,63.0,0.00014,1.0
etaNegative[140],0.0089,0.0002,0.0055,0.0019,0.008,0.02,729.0,0.0017,1.0
etaNegative[141],0.025,0.0035,0.01,0.01,0.024,0.043,8.0,1.8e-05,1.2
etaNegative[142],0.031,0.0048,0.013,0.01,0.031,0.053,7.4,1.7e-05,1.2
etaNegative[143],0.0099,0.00031,0.0047,0.0037,0.0091,0.019,233.0,0.00053,1.0
etaNegative[144],0.011,0.0039,0.0059,0.0011,0.013,0.018,2.3,5.2e-06,2.8
etaNegative[145],0.011,0.00019,0.0032,0.0047,0.011,0.016,298.0,0.00069,1.0
etaNegative[146],0.0015,0.00045,0.00088,0.00061,0.0012,0.0031,3.8,8.6e-06,1.7
etaNegative[147],0.12,0.0028,0.029,0.075,0.11,0.17,105.0,0.00024,1.0
etaNegative[148],0.016,0.0023,0.0055,0.0075,0.015,0.025,5.8,1.3e-05,1.3
etaNegative[149],0.063,0.004,0.014,0.037,0.065,0.081,11.0,2.6e-05,1.2
etaNegative[150],0.0074,0.00032,0.0029,0.0023,0.0076,0.012,82.0,0.00019,1.0
etaNegative[151],0.0025,0.00073,0.0017,0.00082,0.002,0.006,5.1,1.2e-05,1.4
etaNegative[152],0.0066,0.0015,0.0027,0.0022,0.0069,0.011,3.1,7.1e-06,1.7
etaNegative[153],0.0032,0.0014,0.0023,0.001,0.0023,0.0086,2.9,6.7e-06,2.2
etaNegative[154],0.012,0.0041,0.0086,0.0014,0.011,0.027,4.3,9.9e-06,1.3
etaNegative[155],0.011,0.00056,0.0044,0.0046,0.011,0.019,60.0,0.00014,1.1
etaNegative[156],0.0082,0.0016,0.004,0.0033,0.0073,0.016,6.6,1.5e-05,1.2
etaNegative[157],0.0051,0.00051,0.0026,0.0017,0.0046,0.01,26.0,5.9e-05,1.3
etaNegative[158],0.023,0.00066,0.0037,0.016,0.023,0.029,31.0,7.1e-05,1.1
etaNegative[159],0.0073,0.0015,0.0051,0.0016,0.0061,0.017,12.0,2.7e-05,1.1
m[1],0.13,0.049,0.097,0.01,0.12,0.3,4.0,9.1e-06,1.4
m[2],-0.17,0.091,0.14,-0.34,-0.21,0.07,2.3,5.3e-06,2.7
m[3],0.12,0.03,0.063,0.046,0.11,0.24,4.4,1e-05,1.3
m[4],-0.058,0.012,0.055,-0.16,-0.043,-0.004,21.0,4.7e-05,1.1
m[5],0.16,0.051,0.09,0.031,0.17,0.31,3.1,7.1e-06,1.7
m[6],0.074,0.0074,0.049,0.025,0.059,0.17,44.0,0.0001,1.1
m[7],0.089,0.011,0.092,-0.035,0.063,0.26,68.0,0.00016,1.0
m[8],0.038,0.0032,0.11,-0.15,0.024,0.22,1182.0,0.0027,1.0
m[9],-0.02,0.0043,0.12,-0.23,-0.009,0.18,770.0,0.0018,1.0
m[10],0.065,0.014,0.059,0.0093,0.043,0.19,17.0,3.9e-05,1.1
m[11],-0.16,0.071,0.11,-0.32,-0.19,0.017,2.5,5.7e-06,2.2
m[12],0.12,0.039,0.075,0.028,0.12,0.25,3.8,8.6e-06,1.4
m[13],0.013,0.014,0.026,-0.025,0.0063,0.056,3.2,7.3e-06,1.6
m[14],0.12,0.039,0.075,0.019,0.12,0.25,3.6,8.4e-06,1.5
m[15],-0.022,0.051,0.093,-0.16,-0.043,0.13,3.4,7.8e-06,1.5
m[16],0.02,0.0056,0.029,-0.018,0.012,0.075,28.0,6.3e-05,1.3
m[17],0.31,0.1,0.15,0.031,0.35,0.5,2.3,5.4e-06,2.6
m[18],0.076,0.0038,0.048,0.02,0.067,0.17,161.0,0.00037,1.0
m[19],0.079,0.014,0.06,0.017,0.055,0.2,18.0,4.2e-05,1.1
m[20],0.16,0.034,0.13,-0.00046,0.13,0.4,14.0,3.2e-05,1.1
m[21],0.012,0.031,0.12,-0.16,0.0094,0.2,14.0,3.2e-05,1.1
m[22],0.018,0.0048,0.1,-0.14,0.037,0.19,453.0,0.001,1.0
m[23],0.19,0.048,0.13,0.034,0.17,0.43,7.4,1.7e-05,1.2
m[24],0.013,0.021,0.099,-0.13,0.012,0.18,23.0,5.3e-05,1.1
m[25],-0.04,0.034,0.073,-0.16,-0.043,0.052,4.7,1.1e-05,1.3
m[26],0.11,0.0029,0.11,-0.039,0.095,0.32,1369.0,0.0031,1.0
m[27],0.11,0.029,0.07,0.034,0.1,0.24,5.8,1.3e-05,1.2
m[28],-0.079,0.052,0.085,-0.21,-0.09,0.049,2.7,6.1e-06,1.9
m[29],0.00028,0.022,0.078,-0.12,-0.0057,0.13,12.0,2.8e-05,1.1
m[30],-0.089,0.049,0.078,-0.2,-0.11,0.063,2.5,5.8e-06,2.2
m[31],0.057,0.018,0.051,0.0097,0.042,0.16,7.8,1.8e-05,1.2
m[32],0.094,0.022,0.064,0.034,0.075,0.22,8.3,1.9e-05,1.2
m[33],0.082,0.032,0.13,-0.096,0.049,0.32,16.0,3.6e-05,1.1
m[34],0.16,0.011,0.1,0.026,0.15,0.35,85.0,0.00019,1.0
m[35],0.058,0.031,0.13,-0.12,0.031,0.28,16.0,3.7e-05,1.1
m[36],0.029,0.027,0.065,-0.07,0.025,0.13,5.9,1.4e-05,1.2
m[37],-0.12,0.026,0.073,-0.26,-0.11,-0.0053,8.0,1.8e-05,1.2
m[38],0.18,0.045,0.13,0.027,0.16,0.42,8.4,1.9e-05,1.1
m[39],0.2,0.045,0.095,0.075,0.2,0.37,4.4,1e-05,1.3
m[40],0.23,0.085,0.15,0.024,0.23,0.49,3.3,7.7e-06,1.6
m[41],0.17,0.079,0.14,-0.048,0.19,0.39,3.1,7.2e-06,1.6
m[42],0.1,0.027,0.068,0.024,0.083,0.23,6.3,1.5e-05,1.2
m[43],0.1,0.04,0.081,0.0058,0.096,0.25,4.2,9.6e-06,1.4
m[44],0.12,0.02,0.059,0.066,0.1,0.24,9.0,2.1e-05,1.2
m[45],0.38,0.12,0.18,0.095,0.43,0.64,2.5,5.8e-06,2.2
m[46],0.12,0.0034,0.11,-0.046,0.11,0.34,1052.0,0.0024,1.0
m[47],0.051,0.003,0.015,0.03,0.049,0.076,24.0,5.4e-05,1.1
m[48],0.091,0.003,0.025,0.057,0.088,0.13,72.0,0.00017,1.0
m[49],0.14,0.033,0.092,0.04,0.11,0.31,7.7,1.8e-05,1.2
m[50],0.013,0.0059,0.018,-0.013,0.011,0.043,9.7,2.2e-05,1.2
m[51],-0.058,0.046,0.073,-0.16,-0.075,0.06,2.5,5.7e-06,2.2
m[52],0.33,0.097,0.16,0.066,0.35,0.56,2.6,6e-06,2.0
m[53],0.13,0.0032,0.12,-0.067,0.12,0.34,1384.0,0.0032,1.0
m[54],0.052,0.0075,0.021,0.028,0.048,0.091,7.7,1.8e-05,1.2
m[55],0.11,0.02,0.045,0.043,0.1,0.18,5.1,1.2e-05,1.3
m[56],-0.01,0.0038,0.11,-0.21,-0.0049,0.17,879.0,0.002,1.0
m[57],0.031,0.0081,0.028,-0.0086,0.027,0.077,12.0,2.7e-05,1.2
m[58],0.39,0.11,0.19,0.074,0.42,0.68,2.8,6.5e-06,1.8
m[59],0.19,0.042,0.11,0.055,0.17,0.38,6.4,1.5e-05,1.2
m[60],-0.016,0.023,0.084,-0.15,-0.02,0.11,13.0,3e-05,1.1
m[61],-0.015,0.024,0.036,-0.052,-0.029,0.052,2.2,5e-06,3.5
m[62],0.035,0.03,0.055,-0.035,0.017,0.13,3.5,8e-06,1.5
m[63],0.03,0.0011,0.022,0.0085,0.028,0.061,428.0,0.00098,1.0
m[64],0.072,0.0038,0.14,-0.17,0.071,0.32,1335.0,0.0031,1.0
m[65],-0.047,0.083,0.13,-0.19,-0.088,0.19,2.3,5.2e-06,3.0
m[66],0.11,0.028,0.071,0.033,0.089,0.25,6.4,1.5e-05,1.2
m[67],0.24,0.055,0.12,0.084,0.23,0.47,4.9,1.1e-05,1.3
m[68],0.064,0.0068,0.041,0.016,0.056,0.14,37.0,8.4e-05,1.1
m[69],0.13,0.042,0.082,-0.0063,0.13,0.27,3.8,8.7e-06,1.5
m[70],0.12,0.014,0.075,0.03,0.1,0.26,28.0,6.4e-05,1.1
m[71],0.14,0.045,0.086,0.031,0.14,0.29,3.7,8.4e-06,1.5
m[72],0.28,0.096,0.16,0.042,0.3,0.51,2.7,6.3e-06,1.9
m[73],0.22,0.045,0.12,0.07,0.2,0.45,7.1,1.6e-05,1.2
m[74],0.15,0.045,0.11,0.024,0.13,0.35,6.2,1.4e-05,1.2
m[75],0.22,0.065,0.11,0.055,0.23,0.4,3.0,6.9e-06,1.7
m[76],-0.14,0.082,0.12,-0.3,-0.18,0.072,2.3,5.2e-06,2.8
m[77],0.15,0.03,0.073,0.059,0.13,0.29,6.0,1.4e-05,1.2
m[78],0.081,0.0027,0.14,-0.14,0.07,0.32,2590.0,0.006,1.0
m[79],0.032,0.0014,0.031,0.0028,0.028,0.073,498.0,0.0011,1.0
m[80],0.031,0.0055,0.014,0.011,0.029,0.058,6.6,1.5e-05,1.3
m[81],-0.0045,0.054,0.1,-0.12,-0.045,0.17,3.4,7.9e-06,1.5
m[82],0.25,0.061,0.11,0.069,0.26,0.44,3.4,7.8e-06,1.6
m[83],-0.004,0.014,0.022,-0.028,-0.012,0.049,2.6,5.9e-06,2.4
m[84],0.063,0.003,0.091,-0.052,0.05,0.25,954.0,0.0022,1.0
m[85],0.083,0.021,0.058,0.025,0.066,0.2,7.9,1.8e-05,1.2
m[86],0.13,0.026,0.11,-0.0092,0.087,0.35,18.0,4.1e-05,1.1
m[87],-0.08,0.048,0.079,-0.2,-0.09,0.037,2.7,6.2e-06,1.9
m[88],-0.066,0.051,0.099,-0.22,-0.078,0.079,3.7,8.6e-06,1.5
m[89],0.079,0.0031,0.11,-0.088,0.075,0.29,1306.0,0.003,1.0
m[90],0.032,0.0065,0.027,0.0061,0.023,0.089,17.0,3.8e-05,1.1
m[91],0.033,0.0037,0.029,0.0072,0.022,0.094,59.0,0.00014,1.0
m[92],0.34,0.1,0.17,0.03,0.37,0.57,2.6,6e-06,2.1
m[93],0.015,0.0007,0.015,0.0013,0.011,0.046,445.0,0.001,1.0
m[94],-0.0095,0.046,0.066,-0.068,-0.04,0.12,2.1,4.8e-06,5.1
m[95],-0.01,0.015,0.022,-0.032,-0.019,0.03,2.2,5e-06,3.6
m[96],-0.012,0.018,0.027,-0.041,-0.023,0.051,2.3,5.3e-06,3.0
m[97],0.063,0.0035,0.073,-0.0033,0.048,0.22,431.0,0.00099,1.0
m[98],0.027,0.0054,0.046,-0.0017,0.013,0.11,71.0,0.00016,1.0
m[99],0.05,0.015,0.077,-0.062,0.036,0.18,27.0,6.1e-05,1.1
m[100],0.0029,0.026,0.052,-0.058,-0.013,0.11,4.1,9.3e-06,1.5
m[101],0.0088,0.0077,0.016,-0.012,0.0053,0.041,4.2,9.6e-06,1.4
m[102],0.15,0.049,0.094,0.024,0.15,0.32,3.7,8.6e-06,1.5
m[103],0.036,0.0026,0.079,-0.096,0.024,0.17,930.0,0.0021,1.0
m[104],0.042,0.0028,0.097,-0.098,0.045,0.22,1220.0,0.0028,1.0
m[105],-0.013,0.035,0.057,-0.094,-0.026,0.079,2.7,6.1e-06,2.0
m[106],0.0016,0.014,0.025,-0.015,-0.0086,0.064,3.1,7e-06,3.1
m[107],0.12,0.021,0.09,0.011,0.096,0.29,19.0,4.4e-05,1.1
m[108],0.16,0.036,0.087,0.054,0.14,0.31,5.8,1.3e-05,1.2
m[109],0.2,0.064,0.12,0.029,0.2,0.4,3.5,8e-06,1.5
m[110],0.17,0.062,0.11,0.022,0.18,0.35,3.1,7.2e-06,1.6
m[111],0.098,0.0043,0.13,-0.11,0.085,0.33,924.0,0.0021,1.0
m[112],0.016,0.0043,0.02,-0.014,0.017,0.047,22.0,5e-05,1.1
m[113],-0.049,0.051,0.1,-0.19,-0.073,0.1,3.9,8.9e-06,1.4
m[114],0.011,0.019,0.051,-0.062,0.0059,0.077,7.5,1.7e-05,1.2
m[115],0.3,0.074,0.15,0.074,0.3,0.56,4.1,9.5e-06,1.4
m[116],0.18,0.044,0.12,0.025,0.15,0.4,7.6,1.8e-05,1.2
m[117],-0.021,0.016,0.028,-0.068,-0.022,0.018,3.1,7.2e-06,1.6
m[118],0.13,0.038,0.071,0.035,0.13,0.25,3.5,8.2e-06,1.5
m[119],0.062,0.0028,0.12,-0.11,0.05,0.28,1687.0,0.0039,1.0
m[120],0.098,0.0045,0.054,0.034,0.083,0.21,147.0,0.00034,1.0
m[121],-0.076,0.026,0.067,-0.21,-0.058,0.0017,6.7,1.5e-05,1.2
m[122],-0.032,0.029,0.043,-0.078,-0.049,0.049,2.2,5e-06,3.5
m[123],0.077,0.058,0.11,-0.077,0.088,0.24,3.3,7.7e-06,1.6
m[124],0.34,0.13,0.2,0.0074,0.41,0.58,2.2,5.1e-06,3.1
m[125],0.15,0.044,0.11,0.035,0.12,0.35,6.4,1.5e-05,1.2
m[126],0.055,0.022,0.047,0.012,0.036,0.16,4.6,1e-05,1.3
m[127],0.21,0.068,0.13,0.03,0.2,0.44,3.6,8.3e-06,1.5
m[128],0.14,0.026,0.11,0.018,0.1,0.35,16.0,3.8e-05,1.1
m[129],-0.013,0.024,0.036,-0.051,-0.027,0.052,2.2,5.1e-06,3.2
m[130],0.11,0.02,0.07,0.037,0.082,0.25,12.0,2.8e-05,1.1
m[131],0.044,0.0044,0.12,-0.13,0.026,0.28,755.0,0.0017,1.0
m[132],0.1,0.018,0.13,-0.087,0.081,0.34,51.0,0.00012,1.0
m[133],0.18,0.046,0.1,0.038,0.17,0.36,4.9,1.1e-05,1.3
m[134],0.11,0.02,0.11,-0.042,0.09,0.32,29.0,6.6e-05,1.1
m[135],-0.011,0.027,0.094,-0.15,-0.019,0.14,12.0,2.7e-05,1.1
m[136],0.032,0.0054,0.018,0.0066,0.029,0.062,11.0,2.5e-05,1.1
m[137],-0.039,0.056,0.12,-0.2,-0.068,0.14,4.5,1e-05,1.3
m[138],0.014,0.0031,0.011,-0.0037,0.015,0.03,12.0,2.8e-05,1.1
m[139],0.047,0.0015,0.034,0.0075,0.039,0.11,536.0,0.0012,1.0
m[140],0.0022,0.026,0.091,-0.12,-0.017,0.16,12.0,2.8e-05,1.1
m[141],-0.057,0.043,0.073,-0.18,-0.061,0.048,3.0,6.8e-06,1.7
m[142],0.12,0.022,0.061,0.057,0.11,0.24,7.7,1.8e-05,1.2
m[143],0.026,0.036,0.089,-0.092,0.0091,0.17,6.2,1.4e-05,1.3
m[144],0.25,0.05,0.086,0.1,0.25,0.38,2.9,6.7e-06,1.8
m[145],-0.11,0.044,0.088,-0.26,-0.1,0.0024,4.0,9.2e-06,1.4
m[146],0.34,0.086,0.15,0.092,0.35,0.59,3.3,7.5e-06,1.6
m[147],0.065,0.00081,0.019,0.04,0.063,0.099,537.0,0.0012,1.0
m[148],0.34,0.1,0.16,0.07,0.37,0.57,2.6,6e-06,2.0
m[149],0.078,0.018,0.049,0.03,0.064,0.18,7.5,1.7e-05,1.2
m[150],0.081,0.03,0.077,0.0068,0.063,0.23,6.7,1.5e-05,1.2
m[151],0.09,0.029,0.13,-0.095,0.041,0.34,21.0,4.8e-05,1.1
m[152],0.33,0.087,0.14,0.083,0.37,0.53,2.6,5.9e-06,2.2
m[153],0.17,0.032,0.13,-0.002,0.14,0.41,16.0,3.7e-05,1.1
m[154],-0.071,0.057,0.091,-0.2,-0.086,0.073,2.6,5.9e-06,2.1
m[155],0.078,0.011,0.069,-0.0029,0.061,0.22,43.0,0.0001,1.1
m[156],-0.056,0.043,0.076,-0.19,-0.061,0.057,3.2,7.4e-06,1.6
m[157],-0.074,0.076,0.12,-0.24,-0.11,0.16,2.7,6.2e-06,2.0
m[158],0.067,0.023,0.054,0.01,0.057,0.17,5.5,1.3e-05,1.3
m[159],0.19,0.043,0.11,0.049,0.17,0.4,6.5,1.5e-05,1.2
b[1],7.8,2.6,4.9,1.8,7.8,16.0,3.6,8.2e-06,1.5
b[2],-9.3,4.6,7.1,-19.0,-11.0,1.9,2.4,5.5e-06,2.5
b[3],4.2,1.0,2.0,1.8,4.0,7.7,4.2,9.6e-06,1.4
b[4],3.0,0.44,2.9,0.14,1.8,9.0,44.0,0.0001,1.0
b[5],7.1,2.3,3.8,1.7,7.6,13.0,2.8,6.5e-06,1.8
b[6],3.3,0.64,2.5,1.1,2.3,8.5,15.0,3.5e-05,1.1
b[7],1.8,0.12,3.9,-5.2,1.9,7.9,1130.0,0.0026,1.0
b[8],7.7,2.6,5.8,1.5,7.3,18.0,5.0,1.1e-05,1.3
b[9],2.2,0.12,5.1,-6.1,1.8,11.0,1952.0,0.0045,1.0
b[10],3.0,0.48,2.6,0.32,1.9,8.4,30.0,6.9e-05,1.1
b[11],-8.4,4.2,6.5,-17.0,-9.9,1.8,2.4,5.5e-06,2.4
b[12],6.1,1.8,3.5,1.8,6.0,12.0,3.7,8.5e-06,1.5
b[13],-0.039,0.81,1.8,-3.4,0.083,1.9,5.1,1.2e-05,1.3
b[14],7.1,2.2,4.2,1.7,7.1,15.0,3.4,7.9e-06,1.5
b[15],-5.3,3.0,5.4,-15.0,-5.5,1.9,3.1,7.2e-06,1.6
b[16],5.1,1.4,3.7,1.7,4.0,13.0,6.6,1.5e-05,1.2
b[17],15.0,5.5,8.2,1.8,18.0,25.0,2.2,5.1e-06,3.2
b[18],3.0,0.41,1.8,1.0,2.2,6.5,19.0,4.3e-05,1.1
b[19],3.6,0.72,2.6,0.98,2.7,8.6,13.0,3e-05,1.1
b[20],-0.25,0.54,5.5,-10.0,1.7,7.8,102.0,0.00023,1.0
b[21],-6.0,3.4,6.1,-16.0,-6.3,1.9,3.3,7.5e-06,1.6
b[22],-1.2,1.3,4.7,-9.5,-0.51,5.5,13.0,3e-05,1.1
b[23],1.4,0.11,5.0,-7.7,1.8,9.7,2000.0,0.0046,1.0
b[24],-4.7,2.8,5.4,-14.0,-4.6,1.9,3.6,8.3e-06,1.5
b[25],-3.5,2.3,4.4,-11.0,-3.3,1.9,3.6,8.3e-06,1.5
b[26],-3.5,2.3,5.2,-13.0,-2.7,2.0,5.1,1.2e-05,1.3
b[27],5.1,1.4,3.6,1.5,4.5,12.0,6.4,1.5e-05,1.2
b[28],-5.4,3.0,5.1,-14.0,-5.9,1.8,2.8,6.5e-06,1.8
b[29],-0.57,0.99,3.0,-5.6,-0.66,3.5,9.1,2.1e-05,1.1
b[30],-2.7,1.9,3.0,-7.2,-3.3,2.0,2.5,5.7e-06,2.2
b[31],4.6,1.2,3.3,1.5,3.6,11.0,7.6,1.8e-05,1.2
b[32],4.0,0.96,2.7,1.5,3.2,9.5,8.1,1.9e-05,1.2
b[33],2.5,0.11,5.5,-7.1,1.8,12.0,2275.0,0.0052,1.0
b[34],-4.9,2.9,5.5,-14.0,-4.8,1.9,3.6,8.2e-06,1.5
b[35],3.3,0.3,5.3,-5.8,1.8,13.0,309.0,0.00071,1.0
b[36],-1.2,1.3,3.1,-6.7,-1.1,2.0,5.8,1.3e-05,1.2
b[37],-3.3,2.2,3.8,-9.8,-3.5,1.9,3.1,7e-06,1.7
b[38],-1.2,1.2,6.0,-13.0,0.81,7.2,25.0,5.6e-05,1.1
b[39],5.5,1.6,3.5,1.7,5.2,12.0,5.0,1.2e-05,1.3
b[40],8.3,2.8,4.8,1.7,8.8,16.0,3.0,6.8e-06,1.7
b[41],13.0,4.7,7.8,1.7,14.0,24.0,2.7,6.3e-06,1.9
b[42],6.3,1.9,4.3,1.8,5.5,14.0,5.2,1.2e-05,1.3
b[43],7.2,2.3,4.3,1.7,7.4,14.0,3.4,7.9e-06,1.5
b[44],3.2,0.6,1.6,1.7,2.9,6.3,6.7,1.5e-05,1.2
b[45],9.9,6.1,9.6,-6.0,14.0,22.0,2.5,5.8e-06,2.2
b[46],-4.0,2.6,5.8,-14.0,-3.6,2.1,5.1,1.2e-05,1.3
b[47],2.4,0.27,0.52,1.7,2.4,3.3,3.7,8.6e-06,1.4
b[48],2.5,0.3,0.67,1.7,2.4,3.8,5.0,1.2e-05,1.3
b[49],-3.9,2.5,5.1,-13.0,-3.4,1.9,4.2,9.6e-06,1.4
b[50],1.4,0.15,0.91,0.058,1.5,2.6,38.0,8.8e-05,1.0
b[51],-3.7,2.4,3.8,-9.5,-4.3,2.1,2.7,6.1e-06,2.0
b[52],6.8,2.1,3.5,1.7,7.5,12.0,2.6,6.1e-06,2.0
b[53],-6.5,3.6,6.6,-18.0,-6.7,1.9,3.4,7.9e-06,1.5
b[54],2.8,0.38,0.96,1.8,2.6,4.6,6.4,1.5e-05,1.2
b[55],3.2,0.6,1.2,1.7,3.4,5.2,4.3,9.8e-06,1.4
b[56],6.9,2.2,5.6,0.56,6.2,17.0,6.4,1.5e-05,1.2
b[57],1.7,0.04,1.4,-0.16,1.7,4.3,1164.0,0.0027,1.0
b[58],8.4,3.1,7.5,1.6,5.9,24.0,5.9,1.4e-05,1.2
b[59],2.8,0.14,3.5,-3.1,2.0,8.3,676.0,0.0016,1.0
b[60],-2.8,2.0,4.4,-11.0,-2.7,2.0,4.8,1.1e-05,1.3
b[61],-0.94,1.1,1.7,-2.9,-1.5,1.9,2.2,5.2e-06,3.0
b[62],-4.7,2.8,5.2,-14.0,-4.4,1.8,3.5,8.1e-06,1.5
b[63],1.1,0.3,0.85,0.14,0.91,2.0,8.2,1.9e-05,1.2
b[64],-0.87,1.0,5.5,-11.0,0.87,7.2,29.0,6.7e-05,1.0
b[65],-7.1,3.8,6.2,-16.0,-8.1,2.0,2.6,6.1e-06,2.0
b[66],4.9,1.3,3.2,1.7,4.1,11.0,5.8,1.3e-05,1.2
b[67],3.6,0.69,2.7,0.28,2.9,8.4,15.0,3.5e-05,1.1
b[68],5.2,1.4,3.5,1.7,4.5,12.0,6.0,1.4e-05,1.2
b[69],8.7,3.0,5.4,1.7,8.8,18.0,3.3,7.5e-06,1.6
b[70],5.1,1.3,4.2,0.64,4.3,13.0,10.0,2.4e-05,1.1
b[71],7.3,2.4,4.4,1.8,7.3,15.0,3.5,8e-06,1.5
b[72],10.0,3.7,5.9,1.7,12.0,19.0,2.6,5.9e-06,2.1
b[73],-0.35,0.68,4.7,-9.4,1.4,5.9,48.0,0.00011,1.0
b[74],3.9,0.54,4.8,-3.9,3.0,12.0,81.0,0.00019,1.0
b[75],5.8,1.7,2.9,1.8,6.1,10.0,2.9,6.8e-06,1.7
b[76],-8.7,4.4,6.8,-18.0,-10.0,2.0,2.4,5.5e-06,2.4
b[77],4.2,0.99,1.9,1.8,4.1,7.5,3.8,8.7e-06,1.4
b[78],0.59,0.14,6.1,-11.0,1.8,11.0,1934.0,0.0044,1.0
b[79],0.59,0.55,1.0,-0.94,0.49,2.0,3.4,7.9e-06,1.5
b[80],1.6,0.1,0.47,0.8,1.7,2.3,20.0,4.7e-05,1.1
b[81],-2.6,1.9,3.6,-8.2,-3.1,1.9,3.6,8.3e-06,1.5
b[82],5.1,1.4,2.8,1.7,5.2,9.8,4.1,9.4e-06,1.4
b[83],0.21,0.67,1.1,-1.2,-0.13,1.9,2.6,5.9e-06,2.0
b[84],-3.3,2.2,4.7,-12.0,-2.8,1.8,4.6,1.1e-05,1.3
b[85],4.7,1.2,3.3,1.7,3.8,11.0,7.2,1.6e-05,1.2
b[86],-2.2,1.7,5.0,-12.0,-1.1,3.3,8.3,1.9e-05,1.1
b[87],-4.9,2.8,4.8,-12.0,-5.3,1.9,2.9,6.6e-06,1.8
b[88],-4.9,2.9,5.2,-14.0,-5.1,1.9,3.3,7.5e-06,1.6
b[89],-2.0,1.6,4.7,-11.0,-0.76,2.4,8.2,1.9e-05,1.2
b[90],4.2,1.0,3.3,1.3,3.0,11.0,10.0,2.4e-05,1.1
b[91],2.9,0.4,2.5,0.73,1.9,8.4,41.0,9.4e-05,1.1
b[92],9.7,3.3,5.3,1.7,11.0,17.0,2.5,5.7e-06,2.2
b[93],2.4,0.098,2.0,0.66,1.9,6.8,415.0,0.00095,1.0
b[94],-1.2,1.2,1.9,-3.5,-1.8,1.9,2.3,5.2e-06,2.8
b[95],-0.18,0.8,1.2,-1.5,-0.65,1.8,2.2,5e-06,3.3
b[96],-0.29,0.86,1.3,-2.1,-0.61,1.8,2.4,5.6e-06,2.3
b[97],-0.77,1.2,3.4,-8.0,0.18,2.1,8.6,2e-05,1.2
b[98],1.5,0.062,1.9,-0.75,1.7,4.5,902.0,0.0021,1.0
b[99],7.1,2.3,5.0,1.7,6.5,16.0,4.7,1.1e-05,1.3
b[100],-1.4,1.4,2.6,-5.3,-1.6,1.9,3.5,8.2e-06,1.5
b[101],0.95,0.37,0.86,-0.27,0.83,2.0,5.5,1.3e-05,1.2
b[102],7.9,2.6,4.9,1.7,7.9,16.0,3.5,8e-06,1.5
b[103],5.7,1.6,4.8,0.64,4.5,15.0,8.6,2e-05,1.1
b[104],-7.3,3.9,6.7,-18.0,-7.9,1.9,2.9,6.7e-06,1.7
b[105],-4.2,2.6,4.4,-11.0,-4.5,1.9,3.0,6.8e-06,1.7
b[106],0.47,0.56,0.89,-0.28,0.028,1.9,2.5,5.7e-06,2.2
b[107],2.4,0.12,4.0,-4.3,1.9,9.3,1191.0,0.0027,1.0
b[108],5.5,1.6,3.6,1.7,5.2,12.0,4.9,1.1e-05,1.3
b[109],6.8,2.1,4.1,1.7,6.8,14.0,3.6,8.2e-06,1.5
b[110],8.9,3.0,5.2,1.7,9.4,17.0,2.9,6.6e-06,1.8
b[111],-1.3,1.2,5.6,-12.0,0.34,6.6,21.0,4.9e-05,1.1
b[112],1.0,0.31,1.2,-0.89,1.1,2.9,16.0,3.6e-05,1.1
b[113],-5.3,3.0,5.3,-14.0,-5.7,1.8,3.1,7.1e-06,1.6
b[114],0.016,0.73,2.2,-3.5,-0.055,2.7,9.6,2.2e-05,1.2
b[115],1.2,0.15,5.6,-9.3,1.8,10.0,1370.0,0.0031,1.0
b[116],-1.0,1.1,5.1,-11.0,0.67,5.8,22.0,5.2e-05,1.1
b[117],-0.82,1.1,1.8,-3.6,-1.1,1.9,2.7,6.2e-06,1.9
b[118],6.6,2.0,3.7,1.7,6.6,13.0,3.4,7.8e-06,1.5
b[119],-1.4,1.4,5.7,-12.0,-0.14,6.6,17.0,4e-05,1.1
b[120],2.1,0.059,1.9,-0.58,1.8,5.7,1069.0,0.0025,1.0
b[121],-1.3,1.3,3.0,-6.4,-1.2,2.0,5.1,1.2e-05,1.3
b[122],-1.6,1.4,2.1,-4.0,-2.3,1.9,2.2,5e-06,3.3
b[123],12.0,4.2,6.8,1.7,13.0,22.0,2.6,6.1e-06,2.0
b[124],16.0,5.7,8.5,1.8,18.0,26.0,2.2,5.1e-06,3.1
b[125],-1.0,1.2,3.5,-7.8,-0.17,2.6,8.4,1.9e-05,1.1
b[126],-1.5,5.2,7.9,-18.0,1.7,6.5,2.3,5.2e-06,2.9
b[127],2.0,0.082,3.3,-4.1,1.9,6.8,1606.0,0.0037,1.0
b[128],-1.5,1.4,4.3,-10.0,-0.34,2.9,9.2,2.1e-05,1.1
b[129],-0.82,1.1,1.6,-3.0,-1.3,1.8,2.4,5.4e-06,2.4
b[130],4.9,1.3,3.4,1.7,4.1,12.0,6.6,1.5e-05,1.2
b[131],-2.2,1.8,5.0,-11.0,-1.4,3.2,8.0,1.8e-05,1.2
b[132],-2.6,1.9,5.6,-13.0,-1.5,4.2,8.9,2e-05,1.1
b[133],6.6,2.0,4.7,1.6,6.6,15.0,5.2,1.2e-05,1.3
b[134],-1.1,1.2,3.8,-9.0,-0.29,2.8,10.0,2.3e-05,1.1
b[135],-4.6,2.8,5.3,-14.0,-4.5,1.9,3.7,8.5e-06,1.5
b[136],1.8,0.028,0.88,0.34,1.8,3.0,967.0,0.0022,1.0
b[137],-6.7,3.6,6.1,-16.0,-7.4,1.8,2.9,6.6e-06,1.7
b[138],1.0,0.33,0.71,-0.13,0.99,1.9,4.6,1e-05,1.3
b[139],2.1,0.062,1.5,0.41,1.8,4.8,569.0,0.0013,1.0
b[140],-3.9,2.4,4.9,-12.0,-3.6,1.9,4.0,9.2e-06,1.4
b[141],-2.3,1.7,3.1,-7.6,-2.5,1.9,3.1,7.1e-06,1.7
b[142],4.7,1.2,3.3,1.7,4.4,10.0,7.1,1.6e-05,1.2
b[143],-4.9,2.8,5.2,-14.0,-4.8,1.8,3.3,7.7e-06,1.5
b[144],11.0,4.0,6.1,1.7,13.0,19.0,2.3,5.3e-06,2.6
b[145],-3.1,2.1,4.1,-9.9,-3.3,1.9,3.7,8.6e-06,1.4
b[146],3.6,0.26,6.5,-6.8,1.9,15.0,615.0,0.0014,1.0
b[147],1.6,0.063,0.45,1.0,1.6,2.3,50.0,0.00011,1.0
b[148],11.0,3.8,6.0,1.8,12.0,19.0,2.4,5.6e-06,2.3
b[149],4.2,1.0,2.7,1.7,3.5,9.7,6.8,1.6e-05,1.2
b[150],6.5,2.1,4.7,1.7,5.6,15.0,5.2,1.2e-05,1.3
b[151],-4.7,2.9,6.4,-16.0,-4.1,1.9,5.0,1.2e-05,1.3
b[152],13.0,4.7,7.2,1.7,15.0,22.0,2.3,5.3e-06,2.7
b[153],-3.3,2.2,5.9,-14.0,-2.2,3.4,7.1,1.6e-05,1.2
b[154],-4.0,2.5,4.2,-11.0,-4.4,1.8,2.9,6.6e-06,1.8
b[155],3.2,0.3,3.3,-1.0,2.0,9.4,115.0,0.00026,1.0
b[156],-3.7,2.4,4.3,-11.0,-3.8,1.9,3.4,7.8e-06,1.5
b[157],-5.4,3.0,5.1,-13.0,-6.1,1.8,2.8,6.5e-06,1.8
b[158],5.1,1.5,3.3,1.7,4.6,12.0,5.3,1.2e-05,1.3
b[159],1.7,0.12,4.2,-6.6,1.9,7.8,1311.0,0.003,1.0
